-- phpMyAdmin SQL Dump
-- version 4.7.0
-- https://www.phpmyadmin.net/
--
-- Host: 127.0.0.1
-- Generation Time: Feb 27, 2019 at 11:40 AM
-- Server version: 10.1.25-MariaDB
-- PHP Version: 5.6.31

SET SQL_MODE = "NO_AUTO_VALUE_ON_ZERO";
SET AUTOCOMMIT = 0;
START TRANSACTION;
SET time_zone = "+00:00";


/*!40101 SET @OLD_CHARACTER_SET_CLIENT=@@CHARACTER_SET_CLIENT */;
/*!40101 SET @OLD_CHARACTER_SET_RESULTS=@@CHARACTER_SET_RESULTS */;
/*!40101 SET @OLD_COLLATION_CONNECTION=@@COLLATION_CONNECTION */;
/*!40101 SET NAMES utf8mb4 */;

--
-- Database: `canteen_management`
--

-- --------------------------------------------------------

--
-- Table structure for table `sma_addresses`
--

CREATE TABLE `sma_addresses` (
  `id` int(11) NOT NULL,
  `company_id` int(11) NOT NULL,
  `line1` varchar(50) NOT NULL,
  `line2` varchar(50) DEFAULT NULL,
  `city` varchar(25) NOT NULL,
  `postal_code` varchar(20) DEFAULT NULL,
  `state` varchar(25) NOT NULL,
  `country` varchar(50) NOT NULL,
  `phone` varchar(50) DEFAULT NULL,
  `updated_at` timestamp NOT NULL DEFAULT CURRENT_TIMESTAMP ON UPDATE CURRENT_TIMESTAMP
) ENGINE=InnoDB DEFAULT CHARSET=utf8;

-- --------------------------------------------------------

--
-- Table structure for table `sma_adjustments`
--

CREATE TABLE `sma_adjustments` (
  `id` int(11) NOT NULL,
  `date` timestamp NOT NULL DEFAULT CURRENT_TIMESTAMP ON UPDATE CURRENT_TIMESTAMP,
  `reference_no` varchar(55) NOT NULL,
  `warehouse_id` int(11) NOT NULL,
  `note` text,
  `attachment` varchar(55) DEFAULT NULL,
  `created_by` int(11) NOT NULL,
  `updated_by` int(11) DEFAULT NULL,
  `updated_at` datetime DEFAULT NULL,
  `count_id` int(11) DEFAULT NULL
) ENGINE=InnoDB DEFAULT CHARSET=utf8;

-- --------------------------------------------------------

--
-- Table structure for table `sma_adjustment_items`
--

CREATE TABLE `sma_adjustment_items` (
  `id` int(11) NOT NULL,
  `adjustment_id` int(11) NOT NULL,
  `product_id` int(11) NOT NULL,
  `option_id` int(11) DEFAULT NULL,
  `quantity` decimal(15,4) NOT NULL,
  `warehouse_id` int(11) NOT NULL,
  `serial_no` varchar(255) DEFAULT NULL,
  `type` varchar(20) NOT NULL
) ENGINE=InnoDB DEFAULT CHARSET=utf8;

-- --------------------------------------------------------

--
-- Table structure for table `sma_brands`
--

CREATE TABLE `sma_brands` (
  `id` int(11) NOT NULL,
  `code` varchar(20) DEFAULT NULL,
  `name` varchar(50) NOT NULL,
  `image` varchar(50) DEFAULT NULL,
  `slug` varchar(55) DEFAULT NULL,
  `description` varchar(255) DEFAULT NULL
) ENGINE=InnoDB DEFAULT CHARSET=utf8;

-- --------------------------------------------------------

--
-- Table structure for table `sma_calendar`
--

CREATE TABLE `sma_calendar` (
  `id` int(11) NOT NULL,
  `title` varchar(55) NOT NULL,
  `description` varchar(255) DEFAULT NULL,
  `start` date NOT NULL,
  `end` date DEFAULT NULL,
  `color` varchar(7) NOT NULL,
  `user_id` int(11) DEFAULT NULL,
  `product_id` int(11) NOT NULL,
  `product_name` varchar(500) NOT NULL,
  `product_price` decimal(11,2) NOT NULL,
  `created_date` datetime DEFAULT NULL,
  `created_by` int(11) DEFAULT NULL,
  `updated_by` int(11) DEFAULT NULL,
  `updated_date` datetime DEFAULT NULL,
  `discount_amount` decimal(11,2) NOT NULL,
  `um` varchar(15) NOT NULL
) ENGINE=InnoDB DEFAULT CHARSET=utf8;

--
-- Dumping data for table `sma_calendar`
--

INSERT INTO `sma_calendar` (`id`, `title`, `description`, `start`, `end`, `color`, `user_id`, `product_id`, `product_name`, `product_price`, `created_date`, `created_by`, `updated_by`, `updated_date`, `discount_amount`, `um`) VALUES
(22, 'Executive Food', 'Test', '2019-02-27', '2019-02-27', '#3a87ad', 1, 2, 'Steam Rice, Dal, Fish Cury, Vegetables', '150.00', '2019-02-27 05:52:48', 1, 1, '2019-02-27 05:53:06', '40.00', '1'),
(23, 'Simple Food', '', '2019-02-27', '2019-02-27', '#821d1d', 1, 1, 'Steam Rice, Dal, Lao Cingri, Vegetables', '80.00', '2019-02-27 05:53:22', 1, NULL, NULL, '40.00', '1');

-- --------------------------------------------------------

--
-- Table structure for table `sma_captcha`
--

CREATE TABLE `sma_captcha` (
  `captcha_id` bigint(13) UNSIGNED NOT NULL,
  `captcha_time` int(10) UNSIGNED NOT NULL,
  `ip_address` varchar(16) CHARACTER SET latin1 NOT NULL DEFAULT '0',
  `word` varchar(20) CHARACTER SET latin1 NOT NULL
) ENGINE=InnoDB DEFAULT CHARSET=utf8;

-- --------------------------------------------------------

--
-- Table structure for table `sma_categories`
--

CREATE TABLE `sma_categories` (
  `id` int(11) NOT NULL,
  `code` varchar(55) NOT NULL,
  `name` varchar(55) NOT NULL,
  `image` varchar(55) DEFAULT NULL,
  `parent_id` int(11) DEFAULT NULL,
  `slug` varchar(55) DEFAULT NULL,
  `description` varchar(255) DEFAULT NULL
) ENGINE=InnoDB DEFAULT CHARSET=utf8;

--
-- Dumping data for table `sma_categories`
--

INSERT INTO `sma_categories` (`id`, `code`, `name`, `image`, `parent_id`, `slug`, `description`) VALUES
(1, 'C1', 'Category 1', NULL, NULL, NULL, NULL);

-- --------------------------------------------------------

--
-- Table structure for table `sma_combo_items`
--

CREATE TABLE `sma_combo_items` (
  `id` int(11) NOT NULL,
  `product_id` int(11) NOT NULL,
  `item_code` varchar(20) NOT NULL,
  `quantity` decimal(12,4) NOT NULL,
  `unit_price` decimal(25,4) DEFAULT NULL
) ENGINE=InnoDB DEFAULT CHARSET=utf8;

-- --------------------------------------------------------

--
-- Table structure for table `sma_companies`
--

CREATE TABLE `sma_companies` (
  `id` int(11) NOT NULL,
  `group_id` int(10) UNSIGNED DEFAULT NULL,
  `group_name` varchar(20) NOT NULL,
  `customer_group_id` int(11) DEFAULT NULL,
  `customer_group_name` varchar(100) DEFAULT NULL,
  `name` varchar(55) NOT NULL,
  `company` varchar(255) NOT NULL,
  `vat_no` varchar(100) DEFAULT NULL,
  `address` varchar(255) DEFAULT NULL,
  `city` varchar(55) DEFAULT NULL,
  `state` varchar(55) DEFAULT NULL,
  `postal_code` varchar(8) DEFAULT NULL,
  `country` varchar(100) DEFAULT NULL,
  `phone` varchar(20) DEFAULT NULL,
  `email` varchar(100) NOT NULL,
  `cf1` varchar(100) DEFAULT NULL,
  `cf2` varchar(100) DEFAULT NULL,
  `cf3` varchar(100) DEFAULT NULL,
  `cf4` varchar(100) DEFAULT NULL,
  `cf5` varchar(100) DEFAULT NULL,
  `cf6` varchar(100) DEFAULT NULL,
  `invoice_footer` text,
  `payment_term` int(11) DEFAULT '0',
  `logo` varchar(255) DEFAULT 'logo.png',
  `award_points` int(11) DEFAULT '0',
  `deposit_amount` decimal(25,4) DEFAULT NULL,
  `price_group_id` int(11) DEFAULT NULL,
  `price_group_name` varchar(50) DEFAULT NULL,
  `gst_no` varchar(100) DEFAULT NULL
) ENGINE=InnoDB DEFAULT CHARSET=utf8;

--
-- Dumping data for table `sma_companies`
--

INSERT INTO `sma_companies` (`id`, `group_id`, `group_name`, `customer_group_id`, `customer_group_name`, `name`, `company`, `vat_no`, `address`, `city`, `state`, `postal_code`, `country`, `phone`, `email`, `cf1`, `cf2`, `cf3`, `cf4`, `cf5`, `cf6`, `invoice_footer`, `payment_term`, `logo`, `award_points`, `deposit_amount`, `price_group_id`, `price_group_name`, `gst_no`) VALUES
(1, 3, 'customer', 1, 'General', 'Walk-in Customer', 'Walk-in Customer', '', 'Customer Address', 'Petaling Jaya', 'Selangor', '46000', 'Malaysia', '0123456789', 'customer@tecdiary.com', '', '', '', '', '', '', NULL, 0, 'logo.png', 0, NULL, NULL, NULL, NULL),
(2, 4, 'supplier', NULL, NULL, 'Test Supplier', 'Supplier Company Name', NULL, 'Supplier Address', 'Petaling Jaya', 'Selangor', '46050', 'Malaysia', '0123456789', 'supplier@tecdiary.com', '-', '-', '-', '-', '-', '-', NULL, 0, 'logo.png', 0, NULL, NULL, NULL, NULL),
(3, NULL, 'biller', NULL, NULL, 'Mian Saleem', 'Test Biller', '5555', 'Biller adddress', 'City', '', '', 'Country', '012345678', 'saleem@tecdiary.com', '', '', '', '', '', '', ' Thank you for shopping with us. Please come again', 0, 'logo1.png', 0, NULL, NULL, NULL, NULL);

-- --------------------------------------------------------

--
-- Table structure for table `sma_costing`
--

CREATE TABLE `sma_costing` (
  `id` int(11) NOT NULL,
  `date` date NOT NULL,
  `product_id` int(11) DEFAULT NULL,
  `sale_item_id` int(11) NOT NULL,
  `sale_id` int(11) DEFAULT NULL,
  `purchase_item_id` int(11) DEFAULT NULL,
  `quantity` decimal(15,4) NOT NULL,
  `purchase_net_unit_cost` decimal(25,4) DEFAULT NULL,
  `purchase_unit_cost` decimal(25,4) DEFAULT NULL,
  `sale_net_unit_price` decimal(25,4) NOT NULL,
  `sale_unit_price` decimal(25,4) NOT NULL,
  `quantity_balance` decimal(15,4) DEFAULT NULL,
  `inventory` tinyint(1) DEFAULT '0',
  `overselling` tinyint(1) DEFAULT '0',
  `option_id` int(11) DEFAULT NULL
) ENGINE=InnoDB DEFAULT CHARSET=utf8;

--
-- Dumping data for table `sma_costing`
--

INSERT INTO `sma_costing` (`id`, `date`, `product_id`, `sale_item_id`, `sale_id`, `purchase_item_id`, `quantity`, `purchase_net_unit_cost`, `purchase_unit_cost`, `sale_net_unit_price`, `sale_unit_price`, `quantity_balance`, `inventory`, `overselling`, `option_id`) VALUES
(1, '2019-02-27', 3, 1, 1, NULL, '1.0000', '80.0000', '80.0000', '120.0000', '120.0000', NULL, 1, 1, NULL),
(2, '2019-02-27', 2, 2, 2, NULL, '1.0000', '80.0000', '80.0000', '100.0000', '100.0000', NULL, 1, 1, NULL);

-- --------------------------------------------------------

--
-- Table structure for table `sma_currencies`
--

CREATE TABLE `sma_currencies` (
  `id` int(11) NOT NULL,
  `code` varchar(5) NOT NULL,
  `name` varchar(55) NOT NULL,
  `rate` decimal(12,4) NOT NULL,
  `auto_update` tinyint(1) NOT NULL DEFAULT '0',
  `symbol` varchar(50) DEFAULT NULL
) ENGINE=InnoDB DEFAULT CHARSET=utf8;

--
-- Dumping data for table `sma_currencies`
--

INSERT INTO `sma_currencies` (`id`, `code`, `name`, `rate`, `auto_update`, `symbol`) VALUES
(2, 'BDT', 'Bangladeshi Taka', '1.0000', 0, 'BDT');

-- --------------------------------------------------------

--
-- Table structure for table `sma_customer_groups`
--

CREATE TABLE `sma_customer_groups` (
  `id` int(11) NOT NULL,
  `name` varchar(100) NOT NULL,
  `percent` int(11) NOT NULL
) ENGINE=InnoDB DEFAULT CHARSET=utf8;

--
-- Dumping data for table `sma_customer_groups`
--

INSERT INTO `sma_customer_groups` (`id`, `name`, `percent`) VALUES
(1, 'General', 0),
(2, 'Reseller', -5),
(3, 'Distributor', -15),
(4, 'New Customer (+10)', 10);

-- --------------------------------------------------------

--
-- Table structure for table `sma_date_format`
--

CREATE TABLE `sma_date_format` (
  `id` int(11) NOT NULL,
  `js` varchar(20) NOT NULL,
  `php` varchar(20) NOT NULL,
  `sql` varchar(20) DEFAULT NULL
) ENGINE=InnoDB DEFAULT CHARSET=utf8;

--
-- Dumping data for table `sma_date_format`
--

INSERT INTO `sma_date_format` (`id`, `js`, `php`, `sql`) VALUES
(1, 'mm-dd-yyyy', 'm-d-Y', '%m-%d-%Y'),
(2, 'mm/dd/yyyy', 'm/d/Y', '%m/%d/%Y'),
(3, 'mm.dd.yyyy', 'm.d.Y', '%m.%d.%Y'),
(4, 'dd-mm-yyyy', 'd-m-Y', '%d-%m-%Y'),
(5, 'dd/mm/yyyy', 'd/m/Y', '%d/%m/%Y'),
(6, 'dd.mm.yyyy', 'd.m.Y', '%d.%m.%Y');

-- --------------------------------------------------------

--
-- Table structure for table `sma_deliveries`
--

CREATE TABLE `sma_deliveries` (
  `id` int(11) NOT NULL,
  `date` timestamp NOT NULL DEFAULT CURRENT_TIMESTAMP,
  `sale_id` int(11) NOT NULL,
  `do_reference_no` varchar(50) NOT NULL,
  `sale_reference_no` varchar(50) NOT NULL,
  `customer` varchar(55) NOT NULL,
  `address` varchar(1000) NOT NULL,
  `note` varchar(1000) DEFAULT NULL,
  `status` varchar(15) DEFAULT NULL,
  `attachment` varchar(50) DEFAULT NULL,
  `delivered_by` varchar(50) DEFAULT NULL,
  `received_by` varchar(50) DEFAULT NULL,
  `created_by` int(11) DEFAULT NULL,
  `updated_by` int(11) DEFAULT NULL,
  `updated_at` timestamp NULL DEFAULT NULL
) ENGINE=InnoDB DEFAULT CHARSET=utf8;

-- --------------------------------------------------------

--
-- Table structure for table `sma_deposits`
--

CREATE TABLE `sma_deposits` (
  `id` int(11) NOT NULL,
  `date` timestamp NOT NULL DEFAULT CURRENT_TIMESTAMP,
  `company_id` int(11) NOT NULL,
  `amount` decimal(25,4) NOT NULL,
  `paid_by` varchar(50) DEFAULT NULL,
  `note` varchar(255) DEFAULT NULL,
  `created_by` int(11) NOT NULL,
  `updated_by` int(11) NOT NULL,
  `updated_at` datetime DEFAULT NULL
) ENGINE=InnoDB DEFAULT CHARSET=utf8;

-- --------------------------------------------------------

--
-- Table structure for table `sma_expenses`
--

CREATE TABLE `sma_expenses` (
  `id` int(11) NOT NULL,
  `date` timestamp NOT NULL DEFAULT CURRENT_TIMESTAMP,
  `reference` varchar(50) NOT NULL,
  `amount` decimal(25,4) NOT NULL,
  `note` varchar(1000) DEFAULT NULL,
  `created_by` varchar(55) NOT NULL,
  `attachment` varchar(55) DEFAULT NULL,
  `category_id` int(11) DEFAULT NULL,
  `warehouse_id` int(11) DEFAULT NULL
) ENGINE=InnoDB DEFAULT CHARSET=utf8;

-- --------------------------------------------------------

--
-- Table structure for table `sma_expense_categories`
--

CREATE TABLE `sma_expense_categories` (
  `id` int(11) NOT NULL,
  `code` varchar(55) NOT NULL,
  `name` varchar(55) NOT NULL
) ENGINE=InnoDB DEFAULT CHARSET=utf8;

-- --------------------------------------------------------

--
-- Table structure for table `sma_food_order_details`
--

CREATE TABLE `sma_food_order_details` (
  `id` int(11) NOT NULL,
  `title` varchar(55) NOT NULL,
  `description` varchar(255) DEFAULT NULL,
  `order_date` date NOT NULL,
  `menu_calendar_id` int(11) NOT NULL,
  `user_id` int(11) DEFAULT NULL,
  `product_id` int(11) NOT NULL,
  `product_name` varchar(500) NOT NULL,
  `product_price` decimal(11,2) NOT NULL,
  `created_date` datetime DEFAULT NULL,
  `created_by` int(11) DEFAULT NULL,
  `updated_by` int(11) DEFAULT NULL,
  `updated_date` datetime DEFAULT NULL,
  `discount_amount` decimal(11,2) NOT NULL,
  `um` varchar(15) NOT NULL,
  `status` varchar(20) NOT NULL,
  `note` varchar(150) DEFAULT NULL
) ENGINE=InnoDB DEFAULT CHARSET=utf8;

--
-- Dumping data for table `sma_food_order_details`
--

INSERT INTO `sma_food_order_details` (`id`, `title`, `description`, `order_date`, `menu_calendar_id`, `user_id`, `product_id`, `product_name`, `product_price`, `created_date`, `created_by`, `updated_by`, `updated_date`, `discount_amount`, `um`, `status`, `note`) VALUES
(26, 'Simple Food', '', '2019-02-27', 23, 1, 1, 'Steam Rice, Dal, Lao Cingri, Vegetables', '80.00', '2019-02-27 07:28:48', 1, NULL, NULL, '40.00', '1', 'Order', '');

-- --------------------------------------------------------

--
-- Table structure for table `sma_gift_cards`
--

CREATE TABLE `sma_gift_cards` (
  `id` int(11) NOT NULL,
  `date` timestamp NOT NULL DEFAULT CURRENT_TIMESTAMP,
  `card_no` varchar(20) NOT NULL,
  `value` decimal(25,4) NOT NULL,
  `customer_id` int(11) DEFAULT NULL,
  `customer` varchar(255) DEFAULT NULL,
  `balance` decimal(25,4) NOT NULL,
  `expiry` date DEFAULT NULL,
  `created_by` varchar(55) NOT NULL
) ENGINE=InnoDB DEFAULT CHARSET=utf8;

-- --------------------------------------------------------

--
-- Table structure for table `sma_gift_card_topups`
--

CREATE TABLE `sma_gift_card_topups` (
  `id` int(11) NOT NULL,
  `date` timestamp NOT NULL DEFAULT CURRENT_TIMESTAMP ON UPDATE CURRENT_TIMESTAMP,
  `card_id` int(11) NOT NULL,
  `amount` decimal(15,4) NOT NULL,
  `created_by` int(11) NOT NULL
) ENGINE=InnoDB DEFAULT CHARSET=utf8;

-- --------------------------------------------------------

--
-- Table structure for table `sma_groups`
--

CREATE TABLE `sma_groups` (
  `id` mediumint(8) UNSIGNED NOT NULL,
  `name` varchar(20) NOT NULL,
  `description` varchar(100) NOT NULL
) ENGINE=InnoDB DEFAULT CHARSET=utf8;

--
-- Dumping data for table `sma_groups`
--

INSERT INTO `sma_groups` (`id`, `name`, `description`) VALUES
(1, 'owner', 'Owner'),
(2, 'admin', 'Administrator'),
(3, 'customer', 'Customer'),
(4, 'supplier', 'Supplier'),
(5, 'sales', 'Sales Staff');

-- --------------------------------------------------------

--
-- Table structure for table `sma_login_attempts`
--

CREATE TABLE `sma_login_attempts` (
  `id` mediumint(8) UNSIGNED NOT NULL,
  `ip_address` varbinary(16) NOT NULL,
  `login` varchar(100) NOT NULL,
  `time` int(11) UNSIGNED DEFAULT NULL
) ENGINE=InnoDB DEFAULT CHARSET=utf8;

-- --------------------------------------------------------

--
-- Table structure for table `sma_migrations`
--

CREATE TABLE `sma_migrations` (
  `version` bigint(20) NOT NULL
) ENGINE=InnoDB DEFAULT CHARSET=utf8;

--
-- Dumping data for table `sma_migrations`
--

INSERT INTO `sma_migrations` (`version`) VALUES
(315);

-- --------------------------------------------------------

--
-- Table structure for table `sma_notifications`
--

CREATE TABLE `sma_notifications` (
  `id` int(11) NOT NULL,
  `comment` text NOT NULL,
  `date` timestamp NOT NULL DEFAULT CURRENT_TIMESTAMP,
  `from_date` datetime DEFAULT NULL,
  `till_date` datetime DEFAULT NULL,
  `scope` tinyint(1) NOT NULL DEFAULT '3'
) ENGINE=InnoDB DEFAULT CHARSET=utf8;

-- --------------------------------------------------------

--
-- Table structure for table `sma_order_ref`
--

CREATE TABLE `sma_order_ref` (
  `ref_id` int(11) NOT NULL,
  `date` date NOT NULL,
  `so` int(11) NOT NULL DEFAULT '1',
  `qu` int(11) NOT NULL DEFAULT '1',
  `po` int(11) NOT NULL DEFAULT '1',
  `to` int(11) NOT NULL DEFAULT '1',
  `pos` int(11) NOT NULL DEFAULT '1',
  `do` int(11) NOT NULL DEFAULT '1',
  `pay` int(11) NOT NULL DEFAULT '1',
  `re` int(11) NOT NULL DEFAULT '1',
  `rep` int(11) NOT NULL DEFAULT '1',
  `ex` int(11) NOT NULL DEFAULT '1',
  `ppay` int(11) NOT NULL DEFAULT '1',
  `qa` int(11) DEFAULT '1'
) ENGINE=InnoDB DEFAULT CHARSET=utf8;

--
-- Dumping data for table `sma_order_ref`
--

INSERT INTO `sma_order_ref` (`ref_id`, `date`, `so`, `qu`, `po`, `to`, `pos`, `do`, `pay`, `re`, `rep`, `ex`, `ppay`, `qa`) VALUES
(1, '2015-03-01', 2, 1, 1, 1, 2, 1, 2, 1, 1, 1, 1, 1);

-- --------------------------------------------------------

--
-- Table structure for table `sma_payments`
--

CREATE TABLE `sma_payments` (
  `id` int(11) NOT NULL,
  `date` timestamp NULL DEFAULT CURRENT_TIMESTAMP,
  `sale_id` int(11) DEFAULT NULL,
  `return_id` int(11) DEFAULT NULL,
  `purchase_id` int(11) DEFAULT NULL,
  `reference_no` varchar(50) NOT NULL,
  `transaction_id` varchar(50) DEFAULT NULL,
  `paid_by` varchar(20) NOT NULL,
  `cheque_no` varchar(20) DEFAULT NULL,
  `cc_no` varchar(20) DEFAULT NULL,
  `cc_holder` varchar(25) DEFAULT NULL,
  `cc_month` varchar(2) DEFAULT NULL,
  `cc_year` varchar(4) DEFAULT NULL,
  `cc_type` varchar(20) DEFAULT NULL,
  `amount` decimal(25,4) NOT NULL,
  `currency` varchar(3) DEFAULT NULL,
  `created_by` int(11) NOT NULL,
  `attachment` varchar(55) DEFAULT NULL,
  `type` varchar(20) NOT NULL,
  `note` varchar(1000) DEFAULT NULL,
  `pos_paid` decimal(25,4) DEFAULT '0.0000',
  `pos_balance` decimal(25,4) DEFAULT '0.0000',
  `approval_code` varchar(50) DEFAULT NULL
) ENGINE=InnoDB DEFAULT CHARSET=utf8;

--
-- Dumping data for table `sma_payments`
--

INSERT INTO `sma_payments` (`id`, `date`, `sale_id`, `return_id`, `purchase_id`, `reference_no`, `transaction_id`, `paid_by`, `cheque_no`, `cc_no`, `cc_holder`, `cc_month`, `cc_year`, `cc_type`, `amount`, `currency`, `created_by`, `attachment`, `type`, `note`, `pos_paid`, `pos_balance`, `approval_code`) VALUES
(1, '2019-02-26 23:00:31', 1, NULL, NULL, 'IPAY2019/02/0001', NULL, 'cash', '', '', '', '', '', '', '120.0000', NULL, 1, NULL, 'received', '', '120.0000', '0.0000', NULL);

-- --------------------------------------------------------

--
-- Table structure for table `sma_paypal`
--

CREATE TABLE `sma_paypal` (
  `id` int(11) NOT NULL,
  `active` tinyint(4) NOT NULL,
  `account_email` varchar(255) NOT NULL,
  `paypal_currency` varchar(3) NOT NULL DEFAULT 'USD',
  `fixed_charges` decimal(25,4) NOT NULL DEFAULT '2.0000',
  `extra_charges_my` decimal(25,4) NOT NULL DEFAULT '3.9000',
  `extra_charges_other` decimal(25,4) NOT NULL DEFAULT '4.4000'
) ENGINE=InnoDB DEFAULT CHARSET=utf8;

--
-- Dumping data for table `sma_paypal`
--

INSERT INTO `sma_paypal` (`id`, `active`, `account_email`, `paypal_currency`, `fixed_charges`, `extra_charges_my`, `extra_charges_other`) VALUES
(1, 1, 'mypaypal@paypal.com', 'USD', '0.0000', '0.0000', '0.0000');

-- --------------------------------------------------------

--
-- Table structure for table `sma_permissions`
--

CREATE TABLE `sma_permissions` (
  `id` int(11) NOT NULL,
  `group_id` int(11) NOT NULL,
  `products-index` tinyint(1) DEFAULT '0',
  `products-add` tinyint(1) DEFAULT '0',
  `products-edit` tinyint(1) DEFAULT '0',
  `products-delete` tinyint(1) DEFAULT '0',
  `products-cost` tinyint(1) DEFAULT '0',
  `products-price` tinyint(1) DEFAULT '0',
  `quotes-index` tinyint(1) DEFAULT '0',
  `quotes-add` tinyint(1) DEFAULT '0',
  `quotes-edit` tinyint(1) DEFAULT '0',
  `quotes-pdf` tinyint(1) DEFAULT '0',
  `quotes-email` tinyint(1) DEFAULT '0',
  `quotes-delete` tinyint(1) DEFAULT '0',
  `sales-index` tinyint(1) DEFAULT '0',
  `sales-add` tinyint(1) DEFAULT '0',
  `sales-edit` tinyint(1) DEFAULT '0',
  `sales-pdf` tinyint(1) DEFAULT '0',
  `sales-email` tinyint(1) DEFAULT '0',
  `sales-delete` tinyint(1) DEFAULT '0',
  `purchases-index` tinyint(1) DEFAULT '0',
  `purchases-add` tinyint(1) DEFAULT '0',
  `purchases-edit` tinyint(1) DEFAULT '0',
  `purchases-pdf` tinyint(1) DEFAULT '0',
  `purchases-email` tinyint(1) DEFAULT '0',
  `purchases-delete` tinyint(1) DEFAULT '0',
  `transfers-index` tinyint(1) DEFAULT '0',
  `transfers-add` tinyint(1) DEFAULT '0',
  `transfers-edit` tinyint(1) DEFAULT '0',
  `transfers-pdf` tinyint(1) DEFAULT '0',
  `transfers-email` tinyint(1) DEFAULT '0',
  `transfers-delete` tinyint(1) DEFAULT '0',
  `customers-index` tinyint(1) DEFAULT '0',
  `customers-add` tinyint(1) DEFAULT '0',
  `customers-edit` tinyint(1) DEFAULT '0',
  `customers-delete` tinyint(1) DEFAULT '0',
  `suppliers-index` tinyint(1) DEFAULT '0',
  `suppliers-add` tinyint(1) DEFAULT '0',
  `suppliers-edit` tinyint(1) DEFAULT '0',
  `suppliers-delete` tinyint(1) DEFAULT '0',
  `sales-deliveries` tinyint(1) DEFAULT '0',
  `sales-add_delivery` tinyint(1) DEFAULT '0',
  `sales-edit_delivery` tinyint(1) DEFAULT '0',
  `sales-delete_delivery` tinyint(1) DEFAULT '0',
  `sales-email_delivery` tinyint(1) DEFAULT '0',
  `sales-pdf_delivery` tinyint(1) DEFAULT '0',
  `sales-gift_cards` tinyint(1) DEFAULT '0',
  `sales-add_gift_card` tinyint(1) DEFAULT '0',
  `sales-edit_gift_card` tinyint(1) DEFAULT '0',
  `sales-delete_gift_card` tinyint(1) DEFAULT '0',
  `pos-index` tinyint(1) DEFAULT '0',
  `sales-return_sales` tinyint(1) DEFAULT '0',
  `reports-index` tinyint(1) DEFAULT '0',
  `reports-warehouse_stock` tinyint(1) DEFAULT '0',
  `reports-quantity_alerts` tinyint(1) DEFAULT '0',
  `reports-expiry_alerts` tinyint(1) DEFAULT '0',
  `reports-products` tinyint(1) DEFAULT '0',
  `reports-daily_sales` tinyint(1) DEFAULT '0',
  `reports-monthly_sales` tinyint(1) DEFAULT '0',
  `reports-sales` tinyint(1) DEFAULT '0',
  `reports-payments` tinyint(1) DEFAULT '0',
  `reports-purchases` tinyint(1) DEFAULT '0',
  `reports-profit_loss` tinyint(1) DEFAULT '0',
  `reports-customers` tinyint(1) DEFAULT '0',
  `reports-suppliers` tinyint(1) DEFAULT '0',
  `reports-staff` tinyint(1) DEFAULT '0',
  `reports-register` tinyint(1) DEFAULT '0',
  `sales-payments` tinyint(1) DEFAULT '0',
  `purchases-payments` tinyint(1) DEFAULT '0',
  `purchases-expenses` tinyint(1) DEFAULT '0',
  `products-adjustments` tinyint(1) NOT NULL DEFAULT '0',
  `bulk_actions` tinyint(1) NOT NULL DEFAULT '0',
  `customers-deposits` tinyint(1) NOT NULL DEFAULT '0',
  `customers-delete_deposit` tinyint(1) NOT NULL DEFAULT '0',
  `products-barcode` tinyint(1) NOT NULL DEFAULT '0',
  `purchases-return_purchases` tinyint(1) NOT NULL DEFAULT '0',
  `reports-expenses` tinyint(1) NOT NULL DEFAULT '0',
  `reports-daily_purchases` tinyint(1) DEFAULT '0',
  `reports-monthly_purchases` tinyint(1) DEFAULT '0',
  `products-stock_count` tinyint(1) DEFAULT '0',
  `edit_price` tinyint(1) DEFAULT '0',
  `returns-index` tinyint(1) DEFAULT '0',
  `returns-add` tinyint(1) DEFAULT '0',
  `returns-edit` tinyint(1) DEFAULT '0',
  `returns-delete` tinyint(1) DEFAULT '0',
  `returns-email` tinyint(1) DEFAULT '0',
  `returns-pdf` tinyint(1) DEFAULT '0',
  `reports-tax` tinyint(1) DEFAULT '0',
  `calendar-add_menu` tinyint(1) NOT NULL DEFAULT '0',
  `calendar-edit_menu` tinyint(1) NOT NULL DEFAULT '0',
  `calendar-delete_menu` tinyint(1) NOT NULL DEFAULT '0',
  `calendar-index` tinyint(1) NOT NULL DEFAULT '0'
) ENGINE=InnoDB DEFAULT CHARSET=utf8;

--
-- Dumping data for table `sma_permissions`
--

INSERT INTO `sma_permissions` (`id`, `group_id`, `products-index`, `products-add`, `products-edit`, `products-delete`, `products-cost`, `products-price`, `quotes-index`, `quotes-add`, `quotes-edit`, `quotes-pdf`, `quotes-email`, `quotes-delete`, `sales-index`, `sales-add`, `sales-edit`, `sales-pdf`, `sales-email`, `sales-delete`, `purchases-index`, `purchases-add`, `purchases-edit`, `purchases-pdf`, `purchases-email`, `purchases-delete`, `transfers-index`, `transfers-add`, `transfers-edit`, `transfers-pdf`, `transfers-email`, `transfers-delete`, `customers-index`, `customers-add`, `customers-edit`, `customers-delete`, `suppliers-index`, `suppliers-add`, `suppliers-edit`, `suppliers-delete`, `sales-deliveries`, `sales-add_delivery`, `sales-edit_delivery`, `sales-delete_delivery`, `sales-email_delivery`, `sales-pdf_delivery`, `sales-gift_cards`, `sales-add_gift_card`, `sales-edit_gift_card`, `sales-delete_gift_card`, `pos-index`, `sales-return_sales`, `reports-index`, `reports-warehouse_stock`, `reports-quantity_alerts`, `reports-expiry_alerts`, `reports-products`, `reports-daily_sales`, `reports-monthly_sales`, `reports-sales`, `reports-payments`, `reports-purchases`, `reports-profit_loss`, `reports-customers`, `reports-suppliers`, `reports-staff`, `reports-register`, `sales-payments`, `purchases-payments`, `purchases-expenses`, `products-adjustments`, `bulk_actions`, `customers-deposits`, `customers-delete_deposit`, `products-barcode`, `purchases-return_purchases`, `reports-expenses`, `reports-daily_purchases`, `reports-monthly_purchases`, `products-stock_count`, `edit_price`, `returns-index`, `returns-add`, `returns-edit`, `returns-delete`, `returns-email`, `returns-pdf`, `reports-tax`, `calendar-add_menu`, `calendar-edit_menu`, `calendar-delete_menu`, `calendar-index`) VALUES
(1, 5, 1, NULL, NULL, NULL, NULL, NULL, NULL, NULL, NULL, NULL, NULL, NULL, NULL, NULL, NULL, NULL, NULL, NULL, NULL, NULL, NULL, NULL, NULL, NULL, NULL, NULL, NULL, NULL, NULL, NULL, NULL, NULL, NULL, NULL, NULL, NULL, NULL, NULL, NULL, NULL, NULL, NULL, NULL, NULL, NULL, NULL, NULL, NULL, NULL, NULL, 0, 0, NULL, NULL, NULL, NULL, NULL, NULL, NULL, NULL, 0, NULL, NULL, 0, 0, NULL, NULL, NULL, 0, 1, 0, 0, 0, 0, 0, NULL, NULL, NULL, NULL, NULL, NULL, NULL, NULL, NULL, NULL, NULL, 1, 0, 0, 1);

-- --------------------------------------------------------

--
-- Table structure for table `sma_pos_register`
--

CREATE TABLE `sma_pos_register` (
  `id` int(11) NOT NULL,
  `date` timestamp NOT NULL DEFAULT CURRENT_TIMESTAMP,
  `user_id` int(11) NOT NULL,
  `cash_in_hand` decimal(25,4) NOT NULL,
  `status` varchar(10) NOT NULL,
  `total_cash` decimal(25,4) DEFAULT NULL,
  `total_cheques` int(11) DEFAULT NULL,
  `total_cc_slips` int(11) DEFAULT NULL,
  `total_cash_submitted` decimal(25,4) DEFAULT NULL,
  `total_cheques_submitted` int(11) DEFAULT NULL,
  `total_cc_slips_submitted` int(11) DEFAULT NULL,
  `note` text,
  `closed_at` timestamp NULL DEFAULT NULL,
  `transfer_opened_bills` varchar(50) DEFAULT NULL,
  `closed_by` int(11) DEFAULT NULL
) ENGINE=InnoDB DEFAULT CHARSET=utf8;

--
-- Dumping data for table `sma_pos_register`
--

INSERT INTO `sma_pos_register` (`id`, `date`, `user_id`, `cash_in_hand`, `status`, `total_cash`, `total_cheques`, `total_cc_slips`, `total_cash_submitted`, `total_cheques_submitted`, `total_cc_slips_submitted`, `note`, `closed_at`, `transfer_opened_bills`, `closed_by`) VALUES
(1, '2019-02-26 22:59:18', 1, '10000.0000', 'open', NULL, NULL, NULL, NULL, NULL, NULL, NULL, NULL, NULL, NULL);

-- --------------------------------------------------------

--
-- Table structure for table `sma_pos_settings`
--

CREATE TABLE `sma_pos_settings` (
  `pos_id` int(1) NOT NULL,
  `cat_limit` int(11) NOT NULL,
  `pro_limit` int(11) NOT NULL,
  `default_category` int(11) NOT NULL,
  `default_customer` int(11) NOT NULL,
  `default_biller` int(11) NOT NULL,
  `display_time` varchar(3) NOT NULL DEFAULT 'yes',
  `cf_title1` varchar(255) DEFAULT NULL,
  `cf_title2` varchar(255) DEFAULT NULL,
  `cf_value1` varchar(255) DEFAULT NULL,
  `cf_value2` varchar(255) DEFAULT NULL,
  `receipt_printer` varchar(55) DEFAULT NULL,
  `cash_drawer_codes` varchar(55) DEFAULT NULL,
  `focus_add_item` varchar(55) DEFAULT NULL,
  `add_manual_product` varchar(55) DEFAULT NULL,
  `customer_selection` varchar(55) DEFAULT NULL,
  `add_customer` varchar(55) DEFAULT NULL,
  `toggle_category_slider` varchar(55) DEFAULT NULL,
  `toggle_subcategory_slider` varchar(55) DEFAULT NULL,
  `cancel_sale` varchar(55) DEFAULT NULL,
  `suspend_sale` varchar(55) DEFAULT NULL,
  `print_items_list` varchar(55) DEFAULT NULL,
  `finalize_sale` varchar(55) DEFAULT NULL,
  `today_sale` varchar(55) DEFAULT NULL,
  `open_hold_bills` varchar(55) DEFAULT NULL,
  `close_register` varchar(55) DEFAULT NULL,
  `keyboard` tinyint(1) NOT NULL,
  `pos_printers` varchar(255) DEFAULT NULL,
  `java_applet` tinyint(1) NOT NULL,
  `product_button_color` varchar(20) NOT NULL DEFAULT 'default',
  `tooltips` tinyint(1) DEFAULT '1',
  `paypal_pro` tinyint(1) DEFAULT '0',
  `stripe` tinyint(1) DEFAULT '0',
  `rounding` tinyint(1) DEFAULT '0',
  `char_per_line` tinyint(4) DEFAULT '42',
  `pin_code` varchar(20) DEFAULT NULL,
  `purchase_code` varchar(100) DEFAULT 'purchase_code',
  `envato_username` varchar(50) DEFAULT 'envato_username',
  `version` varchar(10) DEFAULT '3.4.12',
  `after_sale_page` tinyint(1) DEFAULT '0',
  `item_order` tinyint(1) DEFAULT '0',
  `authorize` tinyint(1) DEFAULT '0',
  `toggle_brands_slider` varchar(55) DEFAULT NULL,
  `remote_printing` tinyint(1) DEFAULT '1',
  `printer` int(11) DEFAULT NULL,
  `order_printers` varchar(55) DEFAULT NULL,
  `auto_print` tinyint(1) DEFAULT '0',
  `customer_details` tinyint(1) DEFAULT NULL,
  `local_printers` tinyint(1) DEFAULT NULL
) ENGINE=InnoDB DEFAULT CHARSET=utf8;

--
-- Dumping data for table `sma_pos_settings`
--

INSERT INTO `sma_pos_settings` (`pos_id`, `cat_limit`, `pro_limit`, `default_category`, `default_customer`, `default_biller`, `display_time`, `cf_title1`, `cf_title2`, `cf_value1`, `cf_value2`, `receipt_printer`, `cash_drawer_codes`, `focus_add_item`, `add_manual_product`, `customer_selection`, `add_customer`, `toggle_category_slider`, `toggle_subcategory_slider`, `cancel_sale`, `suspend_sale`, `print_items_list`, `finalize_sale`, `today_sale`, `open_hold_bills`, `close_register`, `keyboard`, `pos_printers`, `java_applet`, `product_button_color`, `tooltips`, `paypal_pro`, `stripe`, `rounding`, `char_per_line`, `pin_code`, `purchase_code`, `envato_username`, `version`, `after_sale_page`, `item_order`, `authorize`, `toggle_brands_slider`, `remote_printing`, `printer`, `order_printers`, `auto_print`, `customer_details`, `local_printers`) VALUES
(1, 22, 20, 1, 1, 3, '1', 'GST Reg', 'VAT Reg', '123456789', '987654321', 'BIXOLON SRP-350II', 'x1C', 'Ctrl+F3', 'Ctrl+Shift+M', 'Ctrl+Shift+C', 'Ctrl+Shift+A', 'Ctrl+F11', 'Ctrl+F12', 'F4', 'F7', 'F9', 'F8', 'Ctrl+F1', 'Ctrl+F2', 'Ctrl+F10', 1, 'BIXOLON SRP-350II, BIXOLON SRP-350II', 0, 'default', 1, 0, 0, 0, 42, NULL, 'purchase_code', 'envato_username', '3.4.12', 0, 0, 0, NULL, 1, NULL, NULL, 0, NULL, NULL);

-- --------------------------------------------------------

--
-- Table structure for table `sma_price_groups`
--

CREATE TABLE `sma_price_groups` (
  `id` int(11) NOT NULL,
  `name` varchar(50) NOT NULL
) ENGINE=InnoDB DEFAULT CHARSET=utf8;

--
-- Dumping data for table `sma_price_groups`
--

INSERT INTO `sma_price_groups` (`id`, `name`) VALUES
(1, 'Default');

-- --------------------------------------------------------

--
-- Table structure for table `sma_printers`
--

CREATE TABLE `sma_printers` (
  `id` int(11) NOT NULL,
  `title` varchar(55) NOT NULL,
  `type` varchar(25) NOT NULL,
  `profile` varchar(25) NOT NULL,
  `char_per_line` tinyint(3) UNSIGNED DEFAULT NULL,
  `path` varchar(255) DEFAULT NULL,
  `ip_address` varbinary(45) DEFAULT NULL,
  `port` varchar(10) DEFAULT NULL
) ENGINE=InnoDB DEFAULT CHARSET=utf8;

-- --------------------------------------------------------

--
-- Table structure for table `sma_products`
--

CREATE TABLE `sma_products` (
  `id` int(11) NOT NULL,
  `code` varchar(50) NOT NULL,
  `name` varchar(255) NOT NULL,
  `unit` int(11) DEFAULT NULL,
  `cost` decimal(25,4) DEFAULT NULL,
  `price` decimal(25,4) NOT NULL,
  `alert_quantity` decimal(15,4) DEFAULT '20.0000',
  `image` varchar(255) DEFAULT 'no_image.png',
  `category_id` int(11) NOT NULL,
  `subcategory_id` int(11) DEFAULT NULL,
  `cf1` varchar(255) DEFAULT NULL,
  `cf2` varchar(255) DEFAULT NULL,
  `cf3` varchar(255) DEFAULT NULL,
  `cf4` varchar(255) DEFAULT NULL,
  `cf5` varchar(255) DEFAULT NULL,
  `cf6` varchar(255) DEFAULT NULL,
  `quantity` decimal(15,4) DEFAULT '0.0000',
  `tax_rate` int(11) DEFAULT NULL,
  `track_quantity` tinyint(1) DEFAULT '1',
  `details` varchar(1000) DEFAULT NULL,
  `warehouse` int(11) DEFAULT NULL,
  `barcode_symbology` varchar(55) NOT NULL DEFAULT 'code128',
  `file` varchar(100) DEFAULT NULL,
  `product_details` text,
  `tax_method` tinyint(1) DEFAULT '0',
  `type` varchar(55) NOT NULL DEFAULT 'standard',
  `supplier1` int(11) DEFAULT NULL,
  `supplier1price` decimal(25,4) DEFAULT NULL,
  `supplier2` int(11) DEFAULT NULL,
  `supplier2price` decimal(25,4) DEFAULT NULL,
  `supplier3` int(11) DEFAULT NULL,
  `supplier3price` decimal(25,4) DEFAULT NULL,
  `supplier4` int(11) DEFAULT NULL,
  `supplier4price` decimal(25,4) DEFAULT NULL,
  `supplier5` int(11) DEFAULT NULL,
  `supplier5price` decimal(25,4) DEFAULT NULL,
  `promotion` tinyint(1) DEFAULT '0',
  `promo_price` decimal(25,4) DEFAULT NULL,
  `start_date` date DEFAULT NULL,
  `end_date` date DEFAULT NULL,
  `supplier1_part_no` varchar(50) DEFAULT NULL,
  `supplier2_part_no` varchar(50) DEFAULT NULL,
  `supplier3_part_no` varchar(50) DEFAULT NULL,
  `supplier4_part_no` varchar(50) DEFAULT NULL,
  `supplier5_part_no` varchar(50) DEFAULT NULL,
  `sale_unit` int(11) DEFAULT NULL,
  `purchase_unit` int(11) DEFAULT NULL,
  `brand` int(11) DEFAULT NULL,
  `slug` varchar(55) DEFAULT NULL,
  `featured` tinyint(1) DEFAULT NULL,
  `weight` decimal(10,4) DEFAULT NULL,
  `hsn_code` int(11) DEFAULT NULL,
  `views` int(11) NOT NULL DEFAULT '0',
  `hide` tinyint(1) NOT NULL DEFAULT '0',
  `second_name` varchar(255) DEFAULT NULL,
  `hide_pos` tinyint(1) NOT NULL DEFAULT '0',
  `discount_amount` decimal(11,2) DEFAULT NULL
) ENGINE=InnoDB DEFAULT CHARSET=utf8;

--
-- Dumping data for table `sma_products`
--

INSERT INTO `sma_products` (`id`, `code`, `name`, `unit`, `cost`, `price`, `alert_quantity`, `image`, `category_id`, `subcategory_id`, `cf1`, `cf2`, `cf3`, `cf4`, `cf5`, `cf6`, `quantity`, `tax_rate`, `track_quantity`, `details`, `warehouse`, `barcode_symbology`, `file`, `product_details`, `tax_method`, `type`, `supplier1`, `supplier1price`, `supplier2`, `supplier2price`, `supplier3`, `supplier3price`, `supplier4`, `supplier4price`, `supplier5`, `supplier5price`, `promotion`, `promo_price`, `start_date`, `end_date`, `supplier1_part_no`, `supplier2_part_no`, `supplier3_part_no`, `supplier4_part_no`, `supplier5_part_no`, `sale_unit`, `purchase_unit`, `brand`, `slug`, `featured`, `weight`, `hsn_code`, `views`, `hide`, `second_name`, `hide_pos`, `discount_amount`) VALUES
(1, 'M1', 'Steam Rice, Dal, Lao Cingri, Vegetables', 1, '80.0000', '80.0000', '0.0000', 'no_image.png', 1, NULL, '', '', '', '', '', '', NULL, 1, 1, '', NULL, 'code128', '', '', 1, 'standard', 0, NULL, NULL, NULL, NULL, NULL, NULL, NULL, NULL, NULL, NULL, NULL, NULL, NULL, '', NULL, NULL, NULL, NULL, 1, 1, 0, 'steam-rice-dal-lao-cingri-vegetables', NULL, '0.0000', NULL, 0, 0, '', 0, '40.00'),
(2, 'M2', 'Steam Rice, Dal, Fish Cury, Vegetables', 1, '80.0000', '150.0000', '0.0000', 'no_image.png', 1, NULL, '', '', '', '', '', '', '-1.0000', 1, 1, '', NULL, 'code128', '', '', 1, 'standard', 0, NULL, NULL, NULL, NULL, NULL, NULL, NULL, NULL, NULL, NULL, NULL, NULL, NULL, '', NULL, NULL, NULL, NULL, 1, 1, 0, 'steam-rice-dal-fish-cury-vegetables', NULL, '0.0000', NULL, 0, 0, '', 0, '40.00'),
(3, '11274277', 'Steam Rice, Dal, Egg Curry, Vegetables', 1, '80.0000', '80.0000', '0.0000', 'no_image.png', 1, NULL, '', '', '', '', '', '', '-1.0000', 1, 1, '', NULL, 'code128', '', '', 1, 'standard', 0, NULL, NULL, NULL, NULL, NULL, NULL, NULL, NULL, NULL, NULL, NULL, NULL, NULL, '', NULL, NULL, NULL, NULL, 1, 1, 0, 'steam-rice-dal-egg-curry-vegetables', NULL, '0.0000', NULL, 0, 0, '', 0, '40.00');

-- --------------------------------------------------------

--
-- Table structure for table `sma_product_photos`
--

CREATE TABLE `sma_product_photos` (
  `id` int(11) NOT NULL,
  `product_id` int(11) NOT NULL,
  `photo` varchar(100) NOT NULL
) ENGINE=InnoDB DEFAULT CHARSET=utf8;

-- --------------------------------------------------------

--
-- Table structure for table `sma_product_prices`
--

CREATE TABLE `sma_product_prices` (
  `id` int(11) NOT NULL,
  `product_id` int(11) NOT NULL,
  `price_group_id` int(11) NOT NULL,
  `price` decimal(25,4) NOT NULL
) ENGINE=InnoDB DEFAULT CHARSET=utf8;

-- --------------------------------------------------------

--
-- Table structure for table `sma_product_variants`
--

CREATE TABLE `sma_product_variants` (
  `id` int(11) NOT NULL,
  `product_id` int(11) NOT NULL,
  `name` varchar(55) NOT NULL,
  `cost` decimal(25,4) DEFAULT NULL,
  `price` decimal(25,4) DEFAULT NULL,
  `quantity` decimal(15,4) DEFAULT NULL
) ENGINE=InnoDB DEFAULT CHARSET=utf8;

-- --------------------------------------------------------

--
-- Table structure for table `sma_promos`
--

CREATE TABLE `sma_promos` (
  `id` int(11) NOT NULL,
  `name` varchar(100) NOT NULL,
  `product2buy` int(11) NOT NULL,
  `product2get` int(11) NOT NULL,
  `start_date` date DEFAULT NULL,
  `end_date` date DEFAULT NULL,
  `description` text
) ENGINE=InnoDB DEFAULT CHARSET=utf8;

-- --------------------------------------------------------

--
-- Table structure for table `sma_purchases`
--

CREATE TABLE `sma_purchases` (
  `id` int(11) NOT NULL,
  `reference_no` varchar(55) NOT NULL,
  `date` timestamp NOT NULL DEFAULT CURRENT_TIMESTAMP,
  `supplier_id` int(11) NOT NULL,
  `supplier` varchar(55) NOT NULL,
  `warehouse_id` int(11) NOT NULL,
  `note` varchar(1000) NOT NULL,
  `total` decimal(25,4) DEFAULT NULL,
  `product_discount` decimal(25,4) DEFAULT NULL,
  `order_discount_id` varchar(20) DEFAULT NULL,
  `order_discount` decimal(25,4) DEFAULT NULL,
  `total_discount` decimal(25,4) DEFAULT NULL,
  `product_tax` decimal(25,4) DEFAULT NULL,
  `order_tax_id` int(11) DEFAULT NULL,
  `order_tax` decimal(25,4) DEFAULT NULL,
  `total_tax` decimal(25,4) DEFAULT '0.0000',
  `shipping` decimal(25,4) DEFAULT '0.0000',
  `grand_total` decimal(25,4) NOT NULL,
  `paid` decimal(25,4) NOT NULL DEFAULT '0.0000',
  `status` varchar(55) DEFAULT '',
  `payment_status` varchar(20) DEFAULT 'pending',
  `created_by` int(11) DEFAULT NULL,
  `updated_by` int(11) DEFAULT NULL,
  `updated_at` timestamp NULL DEFAULT NULL,
  `attachment` varchar(55) DEFAULT NULL,
  `payment_term` tinyint(4) DEFAULT NULL,
  `due_date` date DEFAULT NULL,
  `return_id` int(11) DEFAULT NULL,
  `surcharge` decimal(25,4) NOT NULL DEFAULT '0.0000',
  `return_purchase_ref` varchar(55) DEFAULT NULL,
  `purchase_id` int(11) DEFAULT NULL,
  `return_purchase_total` decimal(25,4) NOT NULL DEFAULT '0.0000',
  `cgst` decimal(25,4) DEFAULT NULL,
  `sgst` decimal(25,4) DEFAULT NULL,
  `igst` decimal(25,4) DEFAULT NULL
) ENGINE=InnoDB DEFAULT CHARSET=utf8;

-- --------------------------------------------------------

--
-- Table structure for table `sma_purchase_items`
--

CREATE TABLE `sma_purchase_items` (
  `id` int(11) NOT NULL,
  `purchase_id` int(11) DEFAULT NULL,
  `transfer_id` int(11) DEFAULT NULL,
  `product_id` int(11) NOT NULL,
  `product_code` varchar(50) NOT NULL,
  `product_name` varchar(255) NOT NULL,
  `option_id` int(11) DEFAULT NULL,
  `net_unit_cost` decimal(25,4) NOT NULL,
  `quantity` decimal(15,4) NOT NULL,
  `warehouse_id` int(11) NOT NULL,
  `item_tax` decimal(25,4) DEFAULT NULL,
  `tax_rate_id` int(11) DEFAULT NULL,
  `tax` varchar(20) DEFAULT NULL,
  `discount` varchar(20) DEFAULT NULL,
  `item_discount` decimal(25,4) DEFAULT NULL,
  `expiry` date DEFAULT NULL,
  `subtotal` decimal(25,4) NOT NULL,
  `quantity_balance` decimal(15,4) DEFAULT '0.0000',
  `date` date NOT NULL,
  `status` varchar(50) NOT NULL,
  `unit_cost` decimal(25,4) DEFAULT NULL,
  `real_unit_cost` decimal(25,4) DEFAULT NULL,
  `quantity_received` decimal(15,4) DEFAULT NULL,
  `supplier_part_no` varchar(50) DEFAULT NULL,
  `purchase_item_id` int(11) DEFAULT NULL,
  `product_unit_id` int(11) DEFAULT NULL,
  `product_unit_code` varchar(10) DEFAULT NULL,
  `unit_quantity` decimal(15,4) NOT NULL,
  `gst` varchar(20) DEFAULT NULL,
  `cgst` decimal(25,4) DEFAULT NULL,
  `sgst` decimal(25,4) DEFAULT NULL,
  `igst` decimal(25,4) DEFAULT NULL
) ENGINE=InnoDB DEFAULT CHARSET=utf8;

--
-- Dumping data for table `sma_purchase_items`
--

INSERT INTO `sma_purchase_items` (`id`, `purchase_id`, `transfer_id`, `product_id`, `product_code`, `product_name`, `option_id`, `net_unit_cost`, `quantity`, `warehouse_id`, `item_tax`, `tax_rate_id`, `tax`, `discount`, `item_discount`, `expiry`, `subtotal`, `quantity_balance`, `date`, `status`, `unit_cost`, `real_unit_cost`, `quantity_received`, `supplier_part_no`, `purchase_item_id`, `product_unit_id`, `product_unit_code`, `unit_quantity`, `gst`, `cgst`, `sgst`, `igst`) VALUES
(1, NULL, NULL, 3, '', '', NULL, '0.0000', '0.0000', 1, '0.0000', NULL, NULL, NULL, NULL, NULL, '0.0000', '-1.0000', '0000-00-00', 'received', NULL, NULL, NULL, NULL, NULL, NULL, NULL, '0.0000', NULL, NULL, NULL, NULL),
(2, NULL, NULL, 2, '', '', NULL, '0.0000', '0.0000', 1, '0.0000', NULL, NULL, NULL, NULL, NULL, '0.0000', '-1.0000', '0000-00-00', 'received', NULL, NULL, NULL, NULL, NULL, NULL, NULL, '0.0000', NULL, NULL, NULL, NULL);

-- --------------------------------------------------------

--
-- Table structure for table `sma_quotes`
--

CREATE TABLE `sma_quotes` (
  `id` int(11) NOT NULL,
  `date` timestamp NOT NULL DEFAULT CURRENT_TIMESTAMP,
  `reference_no` varchar(55) NOT NULL,
  `customer_id` int(11) NOT NULL,
  `customer` varchar(55) NOT NULL,
  `warehouse_id` int(11) DEFAULT NULL,
  `biller_id` int(11) NOT NULL,
  `biller` varchar(55) NOT NULL,
  `note` varchar(1000) DEFAULT NULL,
  `internal_note` varchar(1000) DEFAULT NULL,
  `total` decimal(25,4) NOT NULL,
  `product_discount` decimal(25,4) DEFAULT '0.0000',
  `order_discount` decimal(25,4) DEFAULT NULL,
  `order_discount_id` varchar(20) DEFAULT NULL,
  `total_discount` decimal(25,4) DEFAULT '0.0000',
  `product_tax` decimal(25,4) DEFAULT '0.0000',
  `order_tax_id` int(11) DEFAULT NULL,
  `order_tax` decimal(25,4) DEFAULT NULL,
  `total_tax` decimal(25,4) DEFAULT NULL,
  `shipping` decimal(25,4) DEFAULT '0.0000',
  `grand_total` decimal(25,4) NOT NULL,
  `status` varchar(20) DEFAULT NULL,
  `created_by` int(11) DEFAULT NULL,
  `updated_by` int(11) DEFAULT NULL,
  `updated_at` timestamp NULL DEFAULT NULL,
  `attachment` varchar(55) DEFAULT NULL,
  `supplier_id` int(11) DEFAULT NULL,
  `supplier` varchar(55) DEFAULT NULL,
  `hash` varchar(255) DEFAULT NULL,
  `cgst` decimal(25,4) DEFAULT NULL,
  `sgst` decimal(25,4) DEFAULT NULL,
  `igst` decimal(25,4) DEFAULT NULL
) ENGINE=InnoDB DEFAULT CHARSET=utf8;

-- --------------------------------------------------------

--
-- Table structure for table `sma_quote_items`
--

CREATE TABLE `sma_quote_items` (
  `id` int(11) NOT NULL,
  `quote_id` int(11) NOT NULL,
  `product_id` int(11) NOT NULL,
  `product_code` varchar(55) NOT NULL,
  `product_name` varchar(255) NOT NULL,
  `product_type` varchar(20) DEFAULT NULL,
  `option_id` int(11) DEFAULT NULL,
  `net_unit_price` decimal(25,4) NOT NULL,
  `unit_price` decimal(25,4) DEFAULT NULL,
  `quantity` decimal(15,4) NOT NULL,
  `warehouse_id` int(11) DEFAULT NULL,
  `item_tax` decimal(25,4) DEFAULT NULL,
  `tax_rate_id` int(11) DEFAULT NULL,
  `tax` varchar(55) DEFAULT NULL,
  `discount` varchar(55) DEFAULT NULL,
  `item_discount` decimal(25,4) DEFAULT NULL,
  `subtotal` decimal(25,4) NOT NULL,
  `serial_no` varchar(255) DEFAULT NULL,
  `real_unit_price` decimal(25,4) DEFAULT NULL,
  `product_unit_id` int(11) DEFAULT NULL,
  `product_unit_code` varchar(10) DEFAULT NULL,
  `unit_quantity` decimal(15,4) NOT NULL,
  `gst` varchar(20) DEFAULT NULL,
  `cgst` decimal(25,4) DEFAULT NULL,
  `sgst` decimal(25,4) DEFAULT NULL,
  `igst` decimal(25,4) DEFAULT NULL
) ENGINE=InnoDB DEFAULT CHARSET=utf8;

-- --------------------------------------------------------

--
-- Table structure for table `sma_returns`
--

CREATE TABLE `sma_returns` (
  `id` int(11) NOT NULL,
  `date` timestamp NOT NULL DEFAULT CURRENT_TIMESTAMP,
  `reference_no` varchar(55) NOT NULL,
  `customer_id` int(11) NOT NULL,
  `customer` varchar(55) NOT NULL,
  `biller_id` int(11) NOT NULL,
  `biller` varchar(55) NOT NULL,
  `warehouse_id` int(11) DEFAULT NULL,
  `note` varchar(1000) DEFAULT NULL,
  `staff_note` varchar(1000) DEFAULT NULL,
  `total` decimal(25,4) NOT NULL,
  `product_discount` decimal(25,4) DEFAULT '0.0000',
  `order_discount_id` varchar(20) DEFAULT NULL,
  `total_discount` decimal(25,4) DEFAULT '0.0000',
  `order_discount` decimal(25,4) DEFAULT '0.0000',
  `product_tax` decimal(25,4) DEFAULT '0.0000',
  `order_tax_id` int(11) DEFAULT NULL,
  `order_tax` decimal(25,4) DEFAULT '0.0000',
  `total_tax` decimal(25,4) DEFAULT '0.0000',
  `grand_total` decimal(25,4) NOT NULL,
  `created_by` int(11) DEFAULT NULL,
  `updated_by` int(11) DEFAULT NULL,
  `updated_at` timestamp NULL DEFAULT NULL,
  `total_items` smallint(6) DEFAULT NULL,
  `paid` decimal(25,4) DEFAULT '0.0000',
  `surcharge` decimal(25,4) NOT NULL DEFAULT '0.0000',
  `attachment` varchar(55) DEFAULT NULL,
  `hash` varchar(255) DEFAULT NULL,
  `cgst` decimal(25,4) DEFAULT NULL,
  `sgst` decimal(25,4) DEFAULT NULL,
  `igst` decimal(25,4) DEFAULT NULL
) ENGINE=InnoDB DEFAULT CHARSET=utf8;

-- --------------------------------------------------------

--
-- Table structure for table `sma_return_items`
--

CREATE TABLE `sma_return_items` (
  `id` int(11) NOT NULL,
  `return_id` int(11) UNSIGNED NOT NULL,
  `product_id` int(11) UNSIGNED NOT NULL,
  `product_code` varchar(55) NOT NULL,
  `product_name` varchar(255) NOT NULL,
  `product_type` varchar(20) DEFAULT NULL,
  `option_id` int(11) DEFAULT NULL,
  `net_unit_price` decimal(25,4) NOT NULL,
  `unit_price` decimal(25,4) DEFAULT NULL,
  `quantity` decimal(15,4) NOT NULL,
  `warehouse_id` int(11) DEFAULT NULL,
  `item_tax` decimal(25,4) DEFAULT NULL,
  `tax_rate_id` int(11) DEFAULT NULL,
  `tax` varchar(55) DEFAULT NULL,
  `discount` varchar(55) DEFAULT NULL,
  `item_discount` decimal(25,4) DEFAULT NULL,
  `subtotal` decimal(25,4) NOT NULL,
  `serial_no` varchar(255) DEFAULT NULL,
  `real_unit_price` decimal(25,4) DEFAULT NULL,
  `product_unit_id` int(11) DEFAULT NULL,
  `product_unit_code` varchar(10) DEFAULT NULL,
  `unit_quantity` decimal(15,4) NOT NULL,
  `comment` varchar(255) DEFAULT NULL,
  `gst` varchar(20) DEFAULT NULL,
  `cgst` decimal(25,4) DEFAULT NULL,
  `sgst` decimal(25,4) DEFAULT NULL,
  `igst` decimal(25,4) DEFAULT NULL
) ENGINE=InnoDB DEFAULT CHARSET=utf8;

-- --------------------------------------------------------

--
-- Table structure for table `sma_sales`
--

CREATE TABLE `sma_sales` (
  `id` int(11) NOT NULL,
  `date` timestamp NOT NULL DEFAULT CURRENT_TIMESTAMP,
  `reference_no` varchar(55) NOT NULL,
  `customer_id` int(11) NOT NULL,
  `customer` varchar(55) NOT NULL,
  `biller_id` int(11) NOT NULL,
  `biller` varchar(55) NOT NULL,
  `warehouse_id` int(11) DEFAULT NULL,
  `note` varchar(1000) DEFAULT NULL,
  `staff_note` varchar(1000) DEFAULT NULL,
  `total` decimal(25,4) NOT NULL,
  `product_discount` decimal(25,4) DEFAULT '0.0000',
  `order_discount_id` varchar(20) DEFAULT NULL,
  `total_discount` decimal(25,4) DEFAULT '0.0000',
  `order_discount` decimal(25,4) DEFAULT '0.0000',
  `product_tax` decimal(25,4) DEFAULT '0.0000',
  `order_tax_id` int(11) DEFAULT NULL,
  `order_tax` decimal(25,4) DEFAULT '0.0000',
  `total_tax` decimal(25,4) DEFAULT '0.0000',
  `shipping` decimal(25,4) DEFAULT '0.0000',
  `grand_total` decimal(25,4) NOT NULL,
  `sale_status` varchar(20) DEFAULT NULL,
  `payment_status` varchar(20) DEFAULT NULL,
  `payment_term` tinyint(4) DEFAULT NULL,
  `due_date` date DEFAULT NULL,
  `created_by` int(11) DEFAULT NULL,
  `updated_by` int(11) DEFAULT NULL,
  `updated_at` timestamp NULL DEFAULT NULL,
  `total_items` smallint(6) DEFAULT NULL,
  `pos` tinyint(1) NOT NULL DEFAULT '0',
  `paid` decimal(25,4) DEFAULT '0.0000',
  `return_id` int(11) DEFAULT NULL,
  `surcharge` decimal(25,4) NOT NULL DEFAULT '0.0000',
  `attachment` varchar(55) DEFAULT NULL,
  `return_sale_ref` varchar(55) DEFAULT NULL,
  `sale_id` int(11) DEFAULT NULL,
  `return_sale_total` decimal(25,4) NOT NULL DEFAULT '0.0000',
  `rounding` decimal(10,4) DEFAULT NULL,
  `suspend_note` varchar(255) DEFAULT NULL,
  `api` tinyint(1) DEFAULT '0',
  `shop` tinyint(1) DEFAULT '0',
  `address_id` int(11) DEFAULT NULL,
  `reserve_id` int(11) DEFAULT NULL,
  `hash` varchar(255) DEFAULT NULL,
  `manual_payment` varchar(55) DEFAULT NULL,
  `cgst` decimal(25,4) DEFAULT NULL,
  `sgst` decimal(25,4) DEFAULT NULL,
  `igst` decimal(25,4) DEFAULT NULL,
  `payment_method` varchar(55) DEFAULT NULL
) ENGINE=InnoDB DEFAULT CHARSET=utf8;

--
-- Dumping data for table `sma_sales`
--

INSERT INTO `sma_sales` (`id`, `date`, `reference_no`, `customer_id`, `customer`, `biller_id`, `biller`, `warehouse_id`, `note`, `staff_note`, `total`, `product_discount`, `order_discount_id`, `total_discount`, `order_discount`, `product_tax`, `order_tax_id`, `order_tax`, `total_tax`, `shipping`, `grand_total`, `sale_status`, `payment_status`, `payment_term`, `due_date`, `created_by`, `updated_by`, `updated_at`, `total_items`, `pos`, `paid`, `return_id`, `surcharge`, `attachment`, `return_sale_ref`, `sale_id`, `return_sale_total`, `rounding`, `suspend_note`, `api`, `shop`, `address_id`, `reserve_id`, `hash`, `manual_payment`, `cgst`, `sgst`, `igst`, `payment_method`) VALUES
(1, '2019-02-26 23:00:31', 'SALE/POS2019/02/0001', 1, 'Walk-in Customer', 3, 'Test Biller', 1, '', '', '120.0000', '0.0000', '', '0.0000', '0.0000', '0.0000', 1, '0.0000', '0.0000', '0.0000', '120.0000', 'completed', 'paid', 0, NULL, 1, NULL, NULL, 1, 1, '120.0000', NULL, '0.0000', NULL, NULL, NULL, '0.0000', '0.0000', NULL, 0, 0, NULL, NULL, '6748c71c97c05ab66bca19b573745cfaba8d79c88614330257521149808c9c2f', NULL, NULL, NULL, NULL, NULL),
(2, '2019-02-27 08:01:00', 'SALE2019/02/0001', 1, 'Walk-in Customer', 3, 'Test Biller', 1, '', '', '100.0000', '0.0000', '', '0.0000', '0.0000', '0.0000', 1, '0.0000', '0.0000', '0.0000', '100.0000', 'completed', 'pending', 0, NULL, 1, NULL, NULL, 1, 0, '0.0000', NULL, '0.0000', NULL, NULL, NULL, '0.0000', NULL, NULL, 0, 0, NULL, NULL, '2de935da2017180aba3a67dec8c8f5a9ed6a7fa32a1c974f50769dc696b70a42', NULL, NULL, NULL, NULL, NULL);

-- --------------------------------------------------------

--
-- Table structure for table `sma_sale_items`
--

CREATE TABLE `sma_sale_items` (
  `id` int(11) NOT NULL,
  `sale_id` int(11) UNSIGNED NOT NULL,
  `product_id` int(11) UNSIGNED NOT NULL,
  `product_code` varchar(55) NOT NULL,
  `product_name` varchar(255) NOT NULL,
  `product_type` varchar(20) DEFAULT NULL,
  `option_id` int(11) DEFAULT NULL,
  `net_unit_price` decimal(25,4) NOT NULL,
  `unit_price` decimal(25,4) DEFAULT NULL,
  `quantity` decimal(15,4) NOT NULL,
  `warehouse_id` int(11) DEFAULT NULL,
  `item_tax` decimal(25,4) DEFAULT NULL,
  `tax_rate_id` int(11) DEFAULT NULL,
  `tax` varchar(55) DEFAULT NULL,
  `discount` varchar(55) DEFAULT NULL,
  `item_discount` decimal(25,4) DEFAULT NULL,
  `subtotal` decimal(25,4) NOT NULL,
  `serial_no` varchar(255) DEFAULT NULL,
  `real_unit_price` decimal(25,4) DEFAULT NULL,
  `sale_item_id` int(11) DEFAULT NULL,
  `product_unit_id` int(11) DEFAULT NULL,
  `product_unit_code` varchar(10) DEFAULT NULL,
  `unit_quantity` decimal(15,4) NOT NULL,
  `comment` varchar(255) DEFAULT NULL,
  `gst` varchar(20) DEFAULT NULL,
  `cgst` decimal(25,4) DEFAULT NULL,
  `sgst` decimal(25,4) DEFAULT NULL,
  `igst` decimal(25,4) DEFAULT NULL
) ENGINE=InnoDB DEFAULT CHARSET=utf8;

--
-- Dumping data for table `sma_sale_items`
--

INSERT INTO `sma_sale_items` (`id`, `sale_id`, `product_id`, `product_code`, `product_name`, `product_type`, `option_id`, `net_unit_price`, `unit_price`, `quantity`, `warehouse_id`, `item_tax`, `tax_rate_id`, `tax`, `discount`, `item_discount`, `subtotal`, `serial_no`, `real_unit_price`, `sale_item_id`, `product_unit_id`, `product_unit_code`, `unit_quantity`, `comment`, `gst`, `cgst`, `sgst`, `igst`) VALUES
(1, 1, 3, '11274277', 'Steam Rice, Dal, Egg Curry, Vegetables', 'standard', NULL, '120.0000', '120.0000', '1.0000', 1, '0.0000', 1, '0', '0', '0.0000', '120.0000', '', '120.0000', NULL, 1, 'Pcs', '1.0000', '', NULL, NULL, NULL, NULL),
(2, 2, 2, 'M2', 'Steam Rice, Dal, Fish Cury, Vegetables', 'standard', NULL, '100.0000', '100.0000', '1.0000', 1, '0.0000', 1, '0', '0', '0.0000', '100.0000', '', '100.0000', NULL, 1, 'Pcs', '1.0000', NULL, NULL, NULL, NULL, NULL);

-- --------------------------------------------------------

--
-- Table structure for table `sma_sessions`
--

CREATE TABLE `sma_sessions` (
  `id` varchar(40) NOT NULL,
  `ip_address` varchar(45) NOT NULL,
  `timestamp` int(10) UNSIGNED NOT NULL DEFAULT '0',
  `data` blob NOT NULL
) ENGINE=InnoDB DEFAULT CHARSET=utf8;

--
-- Dumping data for table `sma_sessions`
--

INSERT INTO `sma_sessions` (`id`, `ip_address`, `timestamp`, `data`) VALUES
('0ei03gu4v03ifhjp33nrrhbb3ovuj9mv', '::1', 1551259773, 0x5f5f63695f6c6173745f726567656e65726174657c693a313535313235393437333b6964656e746974797c733a353a226f776e6572223b757365726e616d657c733a353a226f776e6572223b656d61696c7c733a31383a226f776e65724074656364696172792e636f6d223b757365725f69647c733a313a2231223b6f6c645f6c6173745f6c6f67696e7c733a31303a2231353531323531393732223b6c6173745f69707c733a333a223a3a31223b6176617461727c4e3b67656e6465727c733a343a226d616c65223b67726f75705f69647c733a313a2231223b77617265686f7573655f69647c4e3b766965775f72696768747c733a313a2230223b656469745f72696768747c733a313a2230223b616c6c6f775f646973636f756e747c733a313a2230223b62696c6c65725f69647c4e3b636f6d70616e795f69647c4e3b73686f775f636f73747c733a313a2230223b73686f775f70726963657c733a313a2230223b6c6173745f61637469766974797c693a313535313235343438353b72656769737465725f69647c733a313a2231223b636173685f696e5f68616e647c733a31303a2231303030302e30303030223b72656769737465725f6f70656e5f74696d657c733a31393a22323031392d30322d32372030343a35393a3138223b6d6573736167657c733a34303a225468652073746174757320686173206265656e207375636365737366756c6c792075706461746564223b5f5f63695f766172737c613a313a7b733a373a226d657373616765223b733a333a226f6c64223b7d),
('13lbklpnr4a2jb4aoj368ci4b3gqj9bm', '::1', 1551255904, 0x5f5f63695f6c6173745f726567656e65726174657c693a313535313235353634383b6964656e746974797c733a353a226f776e6572223b757365726e616d657c733a353a226f776e6572223b656d61696c7c733a31383a226f776e65724074656364696172792e636f6d223b757365725f69647c733a313a2231223b6f6c645f6c6173745f6c6f67696e7c733a31303a2231353531323531393732223b6c6173745f69707c733a333a223a3a31223b6176617461727c4e3b67656e6465727c733a343a226d616c65223b67726f75705f69647c733a313a2231223b77617265686f7573655f69647c4e3b766965775f72696768747c733a313a2230223b656469745f72696768747c733a313a2230223b616c6c6f775f646973636f756e747c733a313a2230223b62696c6c65725f69647c4e3b636f6d70616e795f69647c4e3b73686f775f636f73747c733a313a2230223b73686f775f70726963657c733a313a2230223b6c6173745f61637469766974797c693a313535313235343438353b72656769737465725f69647c733a313a2231223b636173685f696e5f68616e647c733a31303a2231303030302e30303030223b72656769737465725f6f70656e5f74696d657c733a31393a22323031392d30322d32372030343a35393a3138223b),
('1tfqpl2vu62huh4jr86n4lmjuqdko1ad', '::1', 1551254187, 0x5f5f63695f6c6173745f726567656e65726174657c693a313535313235333931343b6964656e746974797c733a353a226f776e6572223b757365726e616d657c733a353a226f776e6572223b656d61696c7c733a31383a226f776e65724074656364696172792e636f6d223b757365725f69647c733a313a2231223b6f6c645f6c6173745f6c6f67696e7c733a31303a2231353531323531393732223b6c6173745f69707c733a333a223a3a31223b6176617461727c4e3b67656e6465727c733a343a226d616c65223b67726f75705f69647c733a313a2231223b77617265686f7573655f69647c4e3b766965775f72696768747c733a313a2230223b656469745f72696768747c733a313a2230223b616c6c6f775f646973636f756e747c733a313a2230223b62696c6c65725f69647c4e3b636f6d70616e795f69647c4e3b73686f775f636f73747c733a313a2230223b73686f775f70726963657c733a313a2230223b),
('4qvbd904gfrppa02qg0hc8g61t1n6o8v', '::1', 1551252613, 0x5f5f63695f6c6173745f726567656e65726174657c693a313535313235323333373b6964656e746974797c733a353a2261646d696e223b757365726e616d657c733a353a2261646d696e223b656d61696c7c733a31353a2261646d696e40676d61696c2e636f6d223b757365725f69647c733a313a2232223b6f6c645f6c6173745f6c6f67696e7c733a31303a2231353531323531323133223b6c6173745f69707c733a333a223a3a31223b6176617461727c4e3b67656e6465727c733a343a226d616c65223b67726f75705f69647c733a313a2235223b77617265686f7573655f69647c733a313a2230223b766965775f72696768747c733a313a2231223b656469745f72696768747c733a313a2230223b616c6c6f775f646973636f756e747c733a313a2230223b62696c6c65725f69647c733a313a2230223b636f6d70616e795f69647c4e3b73686f775f636f73747c4e3b73686f775f70726963657c4e3b),
('73k6617qut423vgfialnps3se3qdomcu', '::1', 1551257223, 0x5f5f63695f6c6173745f726567656e65726174657c693a313535313235373133373b6964656e746974797c733a353a226f776e6572223b757365726e616d657c733a353a226f776e6572223b656d61696c7c733a31383a226f776e65724074656364696172792e636f6d223b757365725f69647c733a313a2231223b6f6c645f6c6173745f6c6f67696e7c733a31303a2231353531323531393732223b6c6173745f69707c733a333a223a3a31223b6176617461727c4e3b67656e6465727c733a343a226d616c65223b67726f75705f69647c733a313a2231223b77617265686f7573655f69647c4e3b766965775f72696768747c733a313a2230223b656469745f72696768747c733a313a2230223b616c6c6f775f646973636f756e747c733a313a2230223b62696c6c65725f69647c4e3b636f6d70616e795f69647c4e3b73686f775f636f73747c733a313a2230223b73686f775f70726963657c733a313a2230223b6c6173745f61637469766974797c693a313535313235343438353b72656769737465725f69647c733a313a2231223b636173685f696e5f68616e647c733a31303a2231303030302e30303030223b72656769737465725f6f70656e5f74696d657c733a31393a22323031392d30322d32372030343a35393a3138223b),
('8aqtd9iul39f968453eg6jk4gk464a2d', '::1', 1551262728, 0x5f5f63695f6c6173745f726567656e65726174657c693a313535313236323732383b6964656e746974797c733a353a226f776e6572223b757365726e616d657c733a353a226f776e6572223b656d61696c7c733a31383a226f776e65724074656364696172792e636f6d223b757365725f69647c733a313a2231223b6f6c645f6c6173745f6c6f67696e7c733a31303a2231353531323531393732223b6c6173745f69707c733a333a223a3a31223b6176617461727c4e3b67656e6465727c733a343a226d616c65223b67726f75705f69647c733a313a2231223b77617265686f7573655f69647c4e3b766965775f72696768747c733a313a2230223b656469745f72696768747c733a313a2230223b616c6c6f775f646973636f756e747c733a313a2230223b62696c6c65725f69647c4e3b636f6d70616e795f69647c4e3b73686f775f636f73747c733a313a2230223b73686f775f70726963657c733a313a2230223b6c6173745f61637469766974797c693a313535313235343438353b72656769737465725f69647c733a313a2231223b636173685f696e5f68616e647c733a31303a2231303030302e30303030223b72656769737465725f6f70656e5f74696d657c733a31393a22323031392d30322d32372030343a35393a3138223b637372666b65797c733a383a227744623545734f5a223b5f5f63695f766172737c613a323a7b733a373a22637372666b6579223b733a333a226f6c64223b733a393a226373726676616c7565223b733a333a226f6c64223b7d6373726676616c75657c733a32303a227934656d6f6a58737a66334e6246596e41564b71223b),
('9hiobgj9om3o8qfdpd3tn22pedjlih32', '::1', 1551252788, 0x5f5f63695f6c6173745f726567656e65726174657c693a313535313235323637303b6964656e746974797c733a353a2261646d696e223b757365726e616d657c733a353a2261646d696e223b656d61696c7c733a31353a2261646d696e40676d61696c2e636f6d223b757365725f69647c733a313a2232223b6f6c645f6c6173745f6c6f67696e7c733a31303a2231353531323531323133223b6c6173745f69707c733a333a223a3a31223b6176617461727c4e3b67656e6465727c733a343a226d616c65223b67726f75705f69647c733a313a2235223b77617265686f7573655f69647c733a313a2230223b766965775f72696768747c733a313a2231223b656469745f72696768747c733a313a2230223b616c6c6f775f646973636f756e747c733a313a2230223b62696c6c65725f69647c733a313a2230223b636f6d70616e795f69647c4e3b73686f775f636f73747c4e3b73686f775f70726963657c4e3b),
('batq0q4feskapith70offs0sq87969g5', '::1', 1551255625, 0x5f5f63695f6c6173745f726567656e65726174657c693a313535313235353038313b6964656e746974797c733a353a226f776e6572223b757365726e616d657c733a353a226f776e6572223b656d61696c7c733a31383a226f776e65724074656364696172792e636f6d223b757365725f69647c733a313a2231223b6f6c645f6c6173745f6c6f67696e7c733a31303a2231353531323531393732223b6c6173745f69707c733a333a223a3a31223b6176617461727c4e3b67656e6465727c733a343a226d616c65223b67726f75705f69647c733a313a2231223b77617265686f7573655f69647c4e3b766965775f72696768747c733a313a2230223b656469745f72696768747c733a313a2230223b616c6c6f775f646973636f756e747c733a313a2230223b62696c6c65725f69647c4e3b636f6d70616e795f69647c4e3b73686f775f636f73747c733a313a2230223b73686f775f70726963657c733a313a2230223b6c6173745f61637469766974797c693a313535313235343438353b72656769737465725f69647c733a313a2231223b636173685f696e5f68616e647c733a31303a2231303030302e30303030223b72656769737465725f6f70656e5f74696d657c733a31393a22323031392d30322d32372030343a35393a3138223b),
('bfh42huc1fmvl5j0cq0m9de9np13uab1', '::1', 1551256300, 0x5f5f63695f6c6173745f726567656e65726174657c693a313535313235363038353b6964656e746974797c733a353a226f776e6572223b757365726e616d657c733a353a226f776e6572223b656d61696c7c733a31383a226f776e65724074656364696172792e636f6d223b757365725f69647c733a313a2231223b6f6c645f6c6173745f6c6f67696e7c733a31303a2231353531323531393732223b6c6173745f69707c733a333a223a3a31223b6176617461727c4e3b67656e6465727c733a343a226d616c65223b67726f75705f69647c733a313a2231223b77617265686f7573655f69647c4e3b766965775f72696768747c733a313a2230223b656469745f72696768747c733a313a2230223b616c6c6f775f646973636f756e747c733a313a2230223b62696c6c65725f69647c4e3b636f6d70616e795f69647c4e3b73686f775f636f73747c733a313a2230223b73686f775f70726963657c733a313a2230223b6c6173745f61637469766974797c693a313535313235343438353b72656769737465725f69647c733a313a2231223b636173685f696e5f68616e647c733a31303a2231303030302e30303030223b72656769737465725f6f70656e5f74696d657c733a31393a22323031392d30322d32372030343a35393a3138223b),
('bqq30ka13h1s94h1e7fs5ru685p14kdk', '::1', 1551262195, 0x5f5f63695f6c6173745f726567656e65726174657c693a313535313236323134333b6964656e746974797c733a353a226f776e6572223b757365726e616d657c733a353a226f776e6572223b656d61696c7c733a31383a226f776e65724074656364696172792e636f6d223b757365725f69647c733a313a2231223b6f6c645f6c6173745f6c6f67696e7c733a31303a2231353531323531393732223b6c6173745f69707c733a333a223a3a31223b6176617461727c4e3b67656e6465727c733a343a226d616c65223b67726f75705f69647c733a313a2231223b77617265686f7573655f69647c4e3b766965775f72696768747c733a313a2230223b656469745f72696768747c733a313a2230223b616c6c6f775f646973636f756e747c733a313a2230223b62696c6c65725f69647c4e3b636f6d70616e795f69647c4e3b73686f775f636f73747c733a313a2230223b73686f775f70726963657c733a313a2230223b6c6173745f61637469766974797c693a313535313235343438353b72656769737465725f69647c733a313a2231223b636173685f696e5f68616e647c733a31303a2231303030302e30303030223b72656769737465725f6f70656e5f74696d657c733a31393a22323031392d30322d32372030343a35393a3138223b637372666b65797c733a383a227744623545734f5a223b5f5f63695f766172737c613a323a7b733a373a22637372666b6579223b733a333a226e6577223b733a393a226373726676616c7565223b733a333a226e6577223b7d6373726676616c75657c733a32303a227934656d6f6a58737a66334e6246596e41564b71223b),
('bvn40v4bmnt494g7afsh3er2bgftmifl', '::1', 1551256612, 0x5f5f63695f6c6173745f726567656e65726174657c693a313535313235363339353b6964656e746974797c733a353a226f776e6572223b757365726e616d657c733a353a226f776e6572223b656d61696c7c733a31383a226f776e65724074656364696172792e636f6d223b757365725f69647c733a313a2231223b6f6c645f6c6173745f6c6f67696e7c733a31303a2231353531323531393732223b6c6173745f69707c733a333a223a3a31223b6176617461727c4e3b67656e6465727c733a343a226d616c65223b67726f75705f69647c733a313a2231223b77617265686f7573655f69647c4e3b766965775f72696768747c733a313a2230223b656469745f72696768747c733a313a2230223b616c6c6f775f646973636f756e747c733a313a2230223b62696c6c65725f69647c4e3b636f6d70616e795f69647c4e3b73686f775f636f73747c733a313a2230223b73686f775f70726963657c733a313a2230223b6c6173745f61637469766974797c693a313535313235343438353b72656769737465725f69647c733a313a2231223b636173685f696e5f68616e647c733a31303a2231303030302e30303030223b72656769737465725f6f70656e5f74696d657c733a31393a22323031392d30322d32372030343a35393a3138223b),
('cr49vtajip7o1r7nq76k5mtjqa45qghh', '::1', 1551254524, 0x5f5f63695f6c6173745f726567656e65726174657c693a313535313235343233323b6964656e746974797c733a353a226f776e6572223b757365726e616d657c733a353a226f776e6572223b656d61696c7c733a31383a226f776e65724074656364696172792e636f6d223b757365725f69647c733a313a2231223b6f6c645f6c6173745f6c6f67696e7c733a31303a2231353531323531393732223b6c6173745f69707c733a333a223a3a31223b6176617461727c4e3b67656e6465727c733a343a226d616c65223b67726f75705f69647c733a313a2231223b77617265686f7573655f69647c4e3b766965775f72696768747c733a313a2230223b656469745f72696768747c733a313a2230223b616c6c6f775f646973636f756e747c733a313a2230223b62696c6c65725f69647c4e3b636f6d70616e795f69647c4e3b73686f775f636f73747c733a313a2230223b73686f775f70726963657c733a313a2230223b6c6173745f61637469766974797c693a313535313235343438353b72656769737465725f69647c733a313a2231223b636173685f696e5f68616e647c733a31303a2231303030302e30303030223b72656769737465725f6f70656e5f74696d657c733a31393a22323031392d30322d32372030343a35393a3138223b),
('eaau85nj7h3h74jq9v0ks67qr1q5jdi1', '::1', 1551253639, 0x5f5f63695f6c6173745f726567656e65726174657c693a313535313235333338373b6964656e746974797c733a353a2261646d696e223b757365726e616d657c733a353a2261646d696e223b656d61696c7c733a31353a2261646d696e40676d61696c2e636f6d223b757365725f69647c733a313a2232223b6f6c645f6c6173745f6c6f67696e7c733a31303a2231353531323531323133223b6c6173745f69707c733a333a223a3a31223b6176617461727c4e3b67656e6465727c733a343a226d616c65223b67726f75705f69647c733a313a2235223b77617265686f7573655f69647c733a313a2230223b766965775f72696768747c733a313a2231223b656469745f72696768747c733a313a2230223b616c6c6f775f646973636f756e747c733a313a2230223b62696c6c65725f69647c733a313a2230223b636f6d70616e795f69647c4e3b73686f775f636f73747c4e3b73686f775f70726963657c4e3b),
('egfouleaaigse897fm44rmg2na498htb', '::1', 1551257728, 0x5f5f63695f6c6173745f726567656e65726174657c693a313535313235373533303b6964656e746974797c733a353a226f776e6572223b757365726e616d657c733a353a226f776e6572223b656d61696c7c733a31383a226f776e65724074656364696172792e636f6d223b757365725f69647c733a313a2231223b6f6c645f6c6173745f6c6f67696e7c733a31303a2231353531323531393732223b6c6173745f69707c733a333a223a3a31223b6176617461727c4e3b67656e6465727c733a343a226d616c65223b67726f75705f69647c733a313a2231223b77617265686f7573655f69647c4e3b766965775f72696768747c733a313a2230223b656469745f72696768747c733a313a2230223b616c6c6f775f646973636f756e747c733a313a2230223b62696c6c65725f69647c4e3b636f6d70616e795f69647c4e3b73686f775f636f73747c733a313a2230223b73686f775f70726963657c733a313a2230223b6c6173745f61637469766974797c693a313535313235343438353b72656769737465725f69647c733a313a2231223b636173685f696e5f68616e647c733a31303a2231303030302e30303030223b72656769737465725f6f70656e5f74696d657c733a31393a22323031392d30322d32372030343a35393a3138223b),
('gdiedcjqnt5u8ujvrvmv2n17nbcm7mqe', '::1', 1551260672, 0x5f5f63695f6c6173745f726567656e65726174657c693a313535313236303532323b6964656e746974797c733a353a226f776e6572223b757365726e616d657c733a353a226f776e6572223b656d61696c7c733a31383a226f776e65724074656364696172792e636f6d223b757365725f69647c733a313a2231223b6f6c645f6c6173745f6c6f67696e7c733a31303a2231353531323531393732223b6c6173745f69707c733a333a223a3a31223b6176617461727c4e3b67656e6465727c733a343a226d616c65223b67726f75705f69647c733a313a2231223b77617265686f7573655f69647c4e3b766965775f72696768747c733a313a2230223b656469745f72696768747c733a313a2230223b616c6c6f775f646973636f756e747c733a313a2230223b62696c6c65725f69647c4e3b636f6d70616e795f69647c4e3b73686f775f636f73747c733a313a2230223b73686f775f70726963657c733a313a2230223b6c6173745f61637469766974797c693a313535313235343438353b72656769737465725f69647c733a313a2231223b636173685f696e5f68616e647c733a31303a2231303030302e30303030223b72656769737465725f6f70656e5f74696d657c733a31393a22323031392d30322d32372030343a35393a3138223b),
('qf34apc88mir98c9oegngkqk3bosrj62', '::1', 1551259972, 0x5f5f63695f6c6173745f726567656e65726174657c693a313535313235393937313b6964656e746974797c733a353a226f776e6572223b757365726e616d657c733a353a226f776e6572223b656d61696c7c733a31383a226f776e65724074656364696172792e636f6d223b757365725f69647c733a313a2231223b6f6c645f6c6173745f6c6f67696e7c733a31303a2231353531323531393732223b6c6173745f69707c733a333a223a3a31223b6176617461727c4e3b67656e6465727c733a343a226d616c65223b67726f75705f69647c733a313a2231223b77617265686f7573655f69647c4e3b766965775f72696768747c733a313a2230223b656469745f72696768747c733a313a2230223b616c6c6f775f646973636f756e747c733a313a2230223b62696c6c65725f69647c4e3b636f6d70616e795f69647c4e3b73686f775f636f73747c733a313a2230223b73686f775f70726963657c733a313a2230223b6c6173745f61637469766974797c693a313535313235343438353b72656769737465725f69647c733a313a2231223b636173685f696e5f68616e647c733a31303a2231303030302e30303030223b72656769737465725f6f70656e5f74696d657c733a31393a22323031392d30322d32372030343a35393a3138223b),
('qs477isltqtvma2mqs647of0u2lscp9o', '::1', 1551263329, 0x5f5f63695f6c6173745f726567656e65726174657c693a313535313236333331343b6964656e746974797c733a353a226f776e6572223b757365726e616d657c733a353a226f776e6572223b656d61696c7c733a31383a226f776e65724074656364696172792e636f6d223b757365725f69647c733a313a2231223b6f6c645f6c6173745f6c6f67696e7c733a31303a2231353531323531393732223b6c6173745f69707c733a333a223a3a31223b6176617461727c4e3b67656e6465727c733a343a226d616c65223b67726f75705f69647c733a313a2231223b77617265686f7573655f69647c4e3b766965775f72696768747c733a313a2230223b656469745f72696768747c733a313a2230223b616c6c6f775f646973636f756e747c733a313a2230223b62696c6c65725f69647c4e3b636f6d70616e795f69647c4e3b73686f775f636f73747c733a313a2230223b73686f775f70726963657c733a313a2230223b6c6173745f61637469766974797c693a313535313235343438353b72656769737465725f69647c733a313a2231223b636173685f696e5f68616e647c733a31303a2231303030302e30303030223b72656769737465725f6f70656e5f74696d657c733a31393a22323031392d30322d32372030343a35393a3138223b6d6573736167657c733a34303a225468652073746174757320686173206265656e207375636365737366756c6c792075706461746564223b5f5f63695f766172737c613a313a7b733a373a226d657373616765223b733a333a226f6c64223b7d),
('v9mjrlanfsu6scilf6bdlpf3jjpu89rj', '::1', 1551253214, 0x5f5f63695f6c6173745f726567656e65726174657c693a313535313235323939363b6964656e746974797c733a353a2261646d696e223b757365726e616d657c733a353a2261646d696e223b656d61696c7c733a31353a2261646d696e40676d61696c2e636f6d223b757365725f69647c733a313a2232223b6f6c645f6c6173745f6c6f67696e7c733a31303a2231353531323531323133223b6c6173745f69707c733a333a223a3a31223b6176617461727c4e3b67656e6465727c733a343a226d616c65223b67726f75705f69647c733a313a2235223b77617265686f7573655f69647c733a313a2230223b766965775f72696768747c733a313a2231223b656469745f72696768747c733a313a2230223b616c6c6f775f646973636f756e747c733a313a2230223b62696c6c65725f69647c733a313a2230223b636f6d70616e795f69647c4e3b73686f775f636f73747c4e3b73686f775f70726963657c4e3b);

-- --------------------------------------------------------

--
-- Table structure for table `sma_settings`
--

CREATE TABLE `sma_settings` (
  `setting_id` int(1) NOT NULL,
  `logo` varchar(255) NOT NULL,
  `logo2` varchar(255) NOT NULL,
  `site_name` varchar(55) NOT NULL,
  `language` varchar(20) NOT NULL,
  `default_warehouse` int(2) NOT NULL,
  `accounting_method` tinyint(4) NOT NULL DEFAULT '0',
  `default_currency` varchar(3) NOT NULL,
  `default_tax_rate` int(2) NOT NULL,
  `rows_per_page` int(2) NOT NULL,
  `version` varchar(10) NOT NULL DEFAULT '1.0',
  `default_tax_rate2` int(11) NOT NULL DEFAULT '0',
  `dateformat` int(11) NOT NULL,
  `sales_prefix` varchar(20) DEFAULT NULL,
  `quote_prefix` varchar(20) DEFAULT NULL,
  `purchase_prefix` varchar(20) DEFAULT NULL,
  `transfer_prefix` varchar(20) DEFAULT NULL,
  `delivery_prefix` varchar(20) DEFAULT NULL,
  `payment_prefix` varchar(20) DEFAULT NULL,
  `return_prefix` varchar(20) DEFAULT NULL,
  `returnp_prefix` varchar(20) DEFAULT NULL,
  `expense_prefix` varchar(20) DEFAULT NULL,
  `item_addition` tinyint(1) NOT NULL DEFAULT '0',
  `theme` varchar(20) NOT NULL,
  `product_serial` tinyint(4) NOT NULL,
  `default_discount` int(11) NOT NULL,
  `product_discount` tinyint(1) NOT NULL DEFAULT '0',
  `discount_method` tinyint(4) NOT NULL,
  `tax1` tinyint(4) NOT NULL,
  `tax2` tinyint(4) NOT NULL,
  `overselling` tinyint(1) NOT NULL DEFAULT '0',
  `restrict_user` tinyint(4) NOT NULL DEFAULT '0',
  `restrict_calendar` tinyint(4) NOT NULL DEFAULT '0',
  `timezone` varchar(100) DEFAULT NULL,
  `iwidth` int(11) NOT NULL DEFAULT '0',
  `iheight` int(11) NOT NULL,
  `twidth` int(11) NOT NULL,
  `theight` int(11) NOT NULL,
  `watermark` tinyint(1) DEFAULT NULL,
  `reg_ver` tinyint(1) DEFAULT NULL,
  `allow_reg` tinyint(1) DEFAULT NULL,
  `reg_notification` tinyint(1) DEFAULT NULL,
  `auto_reg` tinyint(1) DEFAULT NULL,
  `protocol` varchar(20) NOT NULL DEFAULT 'mail',
  `mailpath` varchar(55) DEFAULT '/usr/sbin/sendmail',
  `smtp_host` varchar(100) DEFAULT NULL,
  `smtp_user` varchar(100) DEFAULT NULL,
  `smtp_pass` varchar(255) DEFAULT NULL,
  `smtp_port` varchar(10) DEFAULT '25',
  `smtp_crypto` varchar(10) DEFAULT NULL,
  `corn` datetime DEFAULT NULL,
  `customer_group` int(11) NOT NULL,
  `default_email` varchar(100) NOT NULL,
  `mmode` tinyint(1) NOT NULL,
  `bc_fix` tinyint(4) NOT NULL DEFAULT '0',
  `auto_detect_barcode` tinyint(1) NOT NULL DEFAULT '0',
  `captcha` tinyint(1) NOT NULL DEFAULT '1',
  `reference_format` tinyint(1) NOT NULL DEFAULT '1',
  `racks` tinyint(1) DEFAULT '0',
  `attributes` tinyint(1) NOT NULL DEFAULT '0',
  `product_expiry` tinyint(1) NOT NULL DEFAULT '0',
  `decimals` tinyint(2) NOT NULL DEFAULT '2',
  `qty_decimals` tinyint(2) NOT NULL DEFAULT '2',
  `decimals_sep` varchar(2) NOT NULL DEFAULT '.',
  `thousands_sep` varchar(2) NOT NULL DEFAULT ',',
  `invoice_view` tinyint(1) DEFAULT '0',
  `default_biller` int(11) DEFAULT NULL,
  `envato_username` varchar(50) DEFAULT NULL,
  `purchase_code` varchar(100) DEFAULT NULL,
  `rtl` tinyint(1) DEFAULT '0',
  `each_spent` decimal(15,4) DEFAULT NULL,
  `ca_point` tinyint(4) DEFAULT NULL,
  `each_sale` decimal(15,4) DEFAULT NULL,
  `sa_point` tinyint(4) DEFAULT NULL,
  `update` tinyint(1) DEFAULT '0',
  `sac` tinyint(1) DEFAULT '0',
  `display_all_products` tinyint(1) DEFAULT '0',
  `display_symbol` tinyint(1) DEFAULT NULL,
  `symbol` varchar(50) DEFAULT NULL,
  `remove_expired` tinyint(1) DEFAULT '0',
  `barcode_separator` varchar(2) NOT NULL DEFAULT '-',
  `set_focus` tinyint(1) NOT NULL DEFAULT '0',
  `price_group` int(11) DEFAULT NULL,
  `barcode_img` tinyint(1) NOT NULL DEFAULT '1',
  `ppayment_prefix` varchar(20) DEFAULT 'POP',
  `disable_editing` smallint(6) DEFAULT '90',
  `qa_prefix` varchar(55) DEFAULT NULL,
  `update_cost` tinyint(1) DEFAULT NULL,
  `apis` tinyint(1) NOT NULL DEFAULT '0',
  `state` varchar(100) DEFAULT NULL,
  `pdf_lib` varchar(20) DEFAULT 'dompdf'
) ENGINE=InnoDB DEFAULT CHARSET=utf8;

--
-- Dumping data for table `sma_settings`
--

INSERT INTO `sma_settings` (`setting_id`, `logo`, `logo2`, `site_name`, `language`, `default_warehouse`, `accounting_method`, `default_currency`, `default_tax_rate`, `rows_per_page`, `version`, `default_tax_rate2`, `dateformat`, `sales_prefix`, `quote_prefix`, `purchase_prefix`, `transfer_prefix`, `delivery_prefix`, `payment_prefix`, `return_prefix`, `returnp_prefix`, `expense_prefix`, `item_addition`, `theme`, `product_serial`, `default_discount`, `product_discount`, `discount_method`, `tax1`, `tax2`, `overselling`, `restrict_user`, `restrict_calendar`, `timezone`, `iwidth`, `iheight`, `twidth`, `theight`, `watermark`, `reg_ver`, `allow_reg`, `reg_notification`, `auto_reg`, `protocol`, `mailpath`, `smtp_host`, `smtp_user`, `smtp_pass`, `smtp_port`, `smtp_crypto`, `corn`, `customer_group`, `default_email`, `mmode`, `bc_fix`, `auto_detect_barcode`, `captcha`, `reference_format`, `racks`, `attributes`, `product_expiry`, `decimals`, `qty_decimals`, `decimals_sep`, `thousands_sep`, `invoice_view`, `default_biller`, `envato_username`, `purchase_code`, `rtl`, `each_spent`, `ca_point`, `each_sale`, `sa_point`, `update`, `sac`, `display_all_products`, `display_symbol`, `symbol`, `remove_expired`, `barcode_separator`, `set_focus`, `price_group`, `barcode_img`, `ppayment_prefix`, `disable_editing`, `qa_prefix`, `update_cost`, `apis`, `state`, `pdf_lib`) VALUES
(1, 'logo2.png', '260_x_801.jpg', 'Paragon Group', 'english', 1, 2, 'BDT', 1, 10, '3.4.12', 1, 5, 'SALE', 'QUOTE', 'PO', 'TR', 'DO', 'IPAY', 'SR', 'PR', '', 0, 'default', 1, 1, 1, 1, 1, 1, 1, 1, 0, 'America/Miquelon', 800, 800, 150, 150, 0, 0, 0, 0, NULL, 'mail', '/usr/sbin/sendmail', 'pop.gmail.com', 'contact@sma.tecdiary.org', '12345678', '25', NULL, NULL, 1, 'admin@paragon.com.bd', 0, 4, 1, 0, 2, 1, 1, 0, 2, 2, '.', ',', 0, 3, 'softmart2016', '4492b022-092e-4064-98fa-1fcad04d2baf', 0, NULL, NULL, NULL, NULL, 0, 1, 0, 1, 'BDT', 0, '-', 0, 1, 1, 'POP', 90, '', 0, 0, 'AN', 'dompdf');

-- --------------------------------------------------------

--
-- Table structure for table `sma_skrill`
--

CREATE TABLE `sma_skrill` (
  `id` int(11) NOT NULL,
  `active` tinyint(4) NOT NULL,
  `account_email` varchar(255) NOT NULL DEFAULT 'testaccount2@moneybookers.com',
  `secret_word` varchar(20) NOT NULL DEFAULT 'mbtest',
  `skrill_currency` varchar(3) NOT NULL DEFAULT 'USD',
  `fixed_charges` decimal(25,4) NOT NULL DEFAULT '0.0000',
  `extra_charges_my` decimal(25,4) NOT NULL DEFAULT '0.0000',
  `extra_charges_other` decimal(25,4) NOT NULL DEFAULT '0.0000'
) ENGINE=InnoDB DEFAULT CHARSET=utf8;

--
-- Dumping data for table `sma_skrill`
--

INSERT INTO `sma_skrill` (`id`, `active`, `account_email`, `secret_word`, `skrill_currency`, `fixed_charges`, `extra_charges_my`, `extra_charges_other`) VALUES
(1, 1, 'testaccount2@moneybookers.com', 'mbtest', 'USD', '0.0000', '0.0000', '0.0000');

-- --------------------------------------------------------

--
-- Table structure for table `sma_stock_counts`
--

CREATE TABLE `sma_stock_counts` (
  `id` int(11) NOT NULL,
  `date` timestamp NOT NULL DEFAULT CURRENT_TIMESTAMP ON UPDATE CURRENT_TIMESTAMP,
  `reference_no` varchar(55) NOT NULL,
  `warehouse_id` int(11) NOT NULL,
  `type` varchar(10) NOT NULL,
  `initial_file` varchar(50) NOT NULL,
  `final_file` varchar(50) DEFAULT NULL,
  `brands` varchar(50) DEFAULT NULL,
  `brand_names` varchar(100) DEFAULT NULL,
  `categories` varchar(50) DEFAULT NULL,
  `category_names` varchar(100) DEFAULT NULL,
  `note` text,
  `products` int(11) DEFAULT NULL,
  `rows` int(11) DEFAULT NULL,
  `differences` int(11) DEFAULT NULL,
  `matches` int(11) DEFAULT NULL,
  `missing` int(11) DEFAULT NULL,
  `created_by` int(11) NOT NULL,
  `updated_by` int(11) DEFAULT NULL,
  `updated_at` datetime DEFAULT NULL,
  `finalized` tinyint(1) DEFAULT NULL
) ENGINE=InnoDB DEFAULT CHARSET=utf8;

-- --------------------------------------------------------

--
-- Table structure for table `sma_stock_count_items`
--

CREATE TABLE `sma_stock_count_items` (
  `id` int(11) NOT NULL,
  `stock_count_id` int(11) NOT NULL,
  `product_id` int(11) NOT NULL,
  `product_code` varchar(50) DEFAULT NULL,
  `product_name` varchar(255) DEFAULT NULL,
  `product_variant` varchar(55) DEFAULT NULL,
  `product_variant_id` int(11) DEFAULT NULL,
  `expected` decimal(15,4) NOT NULL,
  `counted` decimal(15,4) NOT NULL,
  `cost` decimal(25,4) NOT NULL
) ENGINE=InnoDB DEFAULT CHARSET=utf8;

-- --------------------------------------------------------

--
-- Table structure for table `sma_suspended_bills`
--

CREATE TABLE `sma_suspended_bills` (
  `id` int(11) NOT NULL,
  `date` timestamp NOT NULL DEFAULT CURRENT_TIMESTAMP,
  `customer_id` int(11) NOT NULL,
  `customer` varchar(55) DEFAULT NULL,
  `count` int(11) NOT NULL,
  `order_discount_id` varchar(20) DEFAULT NULL,
  `order_tax_id` int(11) DEFAULT NULL,
  `total` decimal(25,4) NOT NULL,
  `biller_id` int(11) DEFAULT NULL,
  `warehouse_id` int(11) DEFAULT NULL,
  `created_by` int(11) NOT NULL,
  `suspend_note` varchar(255) DEFAULT NULL,
  `shipping` decimal(15,4) DEFAULT '0.0000',
  `cgst` decimal(25,4) DEFAULT NULL,
  `sgst` decimal(25,4) DEFAULT NULL,
  `igst` decimal(25,4) DEFAULT NULL
) ENGINE=InnoDB DEFAULT CHARSET=utf8;

-- --------------------------------------------------------

--
-- Table structure for table `sma_suspended_items`
--

CREATE TABLE `sma_suspended_items` (
  `id` int(11) NOT NULL,
  `suspend_id` int(11) UNSIGNED NOT NULL,
  `product_id` int(11) UNSIGNED NOT NULL,
  `product_code` varchar(55) NOT NULL,
  `product_name` varchar(255) NOT NULL,
  `net_unit_price` decimal(25,4) NOT NULL,
  `unit_price` decimal(25,4) NOT NULL,
  `quantity` decimal(15,4) DEFAULT '0.0000',
  `warehouse_id` int(11) DEFAULT NULL,
  `item_tax` decimal(25,4) DEFAULT NULL,
  `tax_rate_id` int(11) DEFAULT NULL,
  `tax` varchar(55) DEFAULT NULL,
  `discount` varchar(55) DEFAULT NULL,
  `item_discount` decimal(25,4) DEFAULT NULL,
  `subtotal` decimal(25,4) NOT NULL,
  `serial_no` varchar(255) DEFAULT NULL,
  `option_id` int(11) DEFAULT NULL,
  `product_type` varchar(20) DEFAULT NULL,
  `real_unit_price` decimal(25,4) DEFAULT NULL,
  `product_unit_id` int(11) DEFAULT NULL,
  `product_unit_code` varchar(10) DEFAULT NULL,
  `unit_quantity` decimal(15,4) NOT NULL,
  `comment` varchar(255) DEFAULT NULL,
  `gst` varchar(20) DEFAULT NULL,
  `cgst` decimal(25,4) DEFAULT NULL,
  `sgst` decimal(25,4) DEFAULT NULL,
  `igst` decimal(25,4) DEFAULT NULL
) ENGINE=InnoDB DEFAULT CHARSET=utf8;

-- --------------------------------------------------------

--
-- Table structure for table `sma_tax_rates`
--

CREATE TABLE `sma_tax_rates` (
  `id` int(11) NOT NULL,
  `name` varchar(55) NOT NULL,
  `code` varchar(10) DEFAULT NULL,
  `rate` decimal(12,4) NOT NULL,
  `type` varchar(50) NOT NULL
) ENGINE=InnoDB DEFAULT CHARSET=utf8;

--
-- Dumping data for table `sma_tax_rates`
--

INSERT INTO `sma_tax_rates` (`id`, `name`, `code`, `rate`, `type`) VALUES
(1, 'No Tax', 'NT', '0.0000', '2'),
(2, 'VAT @10%', 'VAT10', '10.0000', '1'),
(3, 'GST @6%', 'GST', '6.0000', '1'),
(4, 'VAT @20%', 'VT20', '20.0000', '1');

-- --------------------------------------------------------

--
-- Table structure for table `sma_transfers`
--

CREATE TABLE `sma_transfers` (
  `id` int(11) NOT NULL,
  `transfer_no` varchar(55) NOT NULL,
  `date` timestamp NOT NULL DEFAULT CURRENT_TIMESTAMP,
  `from_warehouse_id` int(11) NOT NULL,
  `from_warehouse_code` varchar(55) NOT NULL,
  `from_warehouse_name` varchar(55) NOT NULL,
  `to_warehouse_id` int(11) NOT NULL,
  `to_warehouse_code` varchar(55) NOT NULL,
  `to_warehouse_name` varchar(55) NOT NULL,
  `note` varchar(1000) DEFAULT NULL,
  `total` decimal(25,4) DEFAULT NULL,
  `total_tax` decimal(25,4) DEFAULT NULL,
  `grand_total` decimal(25,4) DEFAULT NULL,
  `created_by` varchar(255) DEFAULT NULL,
  `status` varchar(55) NOT NULL DEFAULT 'pending',
  `shipping` decimal(25,4) NOT NULL DEFAULT '0.0000',
  `attachment` varchar(55) DEFAULT NULL,
  `cgst` decimal(25,4) DEFAULT NULL,
  `sgst` decimal(25,4) DEFAULT NULL,
  `igst` decimal(25,4) DEFAULT NULL
) ENGINE=InnoDB DEFAULT CHARSET=utf8;

-- --------------------------------------------------------

--
-- Table structure for table `sma_transfer_items`
--

CREATE TABLE `sma_transfer_items` (
  `id` int(11) NOT NULL,
  `transfer_id` int(11) NOT NULL,
  `product_id` int(11) NOT NULL,
  `product_code` varchar(55) NOT NULL,
  `product_name` varchar(255) NOT NULL,
  `option_id` int(11) DEFAULT NULL,
  `expiry` date DEFAULT NULL,
  `quantity` decimal(15,4) NOT NULL,
  `tax_rate_id` int(11) DEFAULT NULL,
  `tax` varchar(55) DEFAULT NULL,
  `item_tax` decimal(25,4) DEFAULT NULL,
  `net_unit_cost` decimal(25,4) DEFAULT NULL,
  `subtotal` decimal(25,4) DEFAULT NULL,
  `quantity_balance` decimal(15,4) NOT NULL,
  `unit_cost` decimal(25,4) DEFAULT NULL,
  `real_unit_cost` decimal(25,4) DEFAULT NULL,
  `date` date DEFAULT NULL,
  `warehouse_id` int(11) DEFAULT NULL,
  `product_unit_id` int(11) DEFAULT NULL,
  `product_unit_code` varchar(10) DEFAULT NULL,
  `unit_quantity` decimal(15,4) NOT NULL,
  `gst` varchar(20) DEFAULT NULL,
  `cgst` decimal(25,4) DEFAULT NULL,
  `sgst` decimal(25,4) DEFAULT NULL,
  `igst` decimal(25,4) DEFAULT NULL
) ENGINE=InnoDB DEFAULT CHARSET=utf8;

-- --------------------------------------------------------

--
-- Table structure for table `sma_units`
--

CREATE TABLE `sma_units` (
  `id` int(11) NOT NULL,
  `code` varchar(10) NOT NULL,
  `name` varchar(55) NOT NULL,
  `base_unit` int(11) DEFAULT NULL,
  `operator` varchar(1) DEFAULT NULL,
  `unit_value` varchar(55) DEFAULT NULL,
  `operation_value` varchar(55) DEFAULT NULL
) ENGINE=InnoDB DEFAULT CHARSET=utf8;

--
-- Dumping data for table `sma_units`
--

INSERT INTO `sma_units` (`id`, `code`, `name`, `base_unit`, `operator`, `unit_value`, `operation_value`) VALUES
(1, 'Pcs', 'Pcs', NULL, NULL, NULL, NULL);

-- --------------------------------------------------------

--
-- Table structure for table `sma_users`
--

CREATE TABLE `sma_users` (
  `id` int(11) UNSIGNED NOT NULL,
  `last_ip_address` varbinary(45) DEFAULT NULL,
  `ip_address` varbinary(45) NOT NULL,
  `username` varchar(100) NOT NULL,
  `password` varchar(40) NOT NULL,
  `salt` varchar(40) DEFAULT NULL,
  `email` varchar(100) NOT NULL,
  `activation_code` varchar(40) DEFAULT NULL,
  `forgotten_password_code` varchar(40) DEFAULT NULL,
  `forgotten_password_time` int(11) UNSIGNED DEFAULT NULL,
  `remember_code` varchar(40) DEFAULT NULL,
  `created_on` int(11) UNSIGNED NOT NULL,
  `last_login` int(11) UNSIGNED DEFAULT NULL,
  `active` tinyint(1) UNSIGNED DEFAULT NULL,
  `first_name` varchar(50) DEFAULT NULL,
  `last_name` varchar(50) DEFAULT NULL,
  `company` varchar(100) DEFAULT NULL,
  `phone` varchar(20) DEFAULT NULL,
  `avatar` varchar(55) DEFAULT NULL,
  `gender` varchar(20) DEFAULT NULL,
  `group_id` int(10) UNSIGNED NOT NULL,
  `warehouse_id` int(10) UNSIGNED DEFAULT NULL,
  `biller_id` int(10) UNSIGNED DEFAULT NULL,
  `company_id` int(11) DEFAULT NULL,
  `show_cost` tinyint(1) DEFAULT '0',
  `show_price` tinyint(1) DEFAULT '0',
  `award_points` int(11) DEFAULT '0',
  `view_right` tinyint(1) NOT NULL DEFAULT '0',
  `edit_right` tinyint(1) NOT NULL DEFAULT '0',
  `allow_discount` tinyint(1) DEFAULT '0'
) ENGINE=InnoDB DEFAULT CHARSET=utf8;

--
-- Dumping data for table `sma_users`
--

INSERT INTO `sma_users` (`id`, `last_ip_address`, `ip_address`, `username`, `password`, `salt`, `email`, `activation_code`, `forgotten_password_code`, `forgotten_password_time`, `remember_code`, `created_on`, `last_login`, `active`, `first_name`, `last_name`, `company`, `phone`, `avatar`, `gender`, `group_id`, `warehouse_id`, `biller_id`, `company_id`, `show_cost`, `show_price`, `award_points`, `view_right`, `edit_right`, `allow_discount`) VALUES
(1, 0x3a3a31, 0x0000, 'owner', '2c8ab736b2ccab4f50e72d5fd7d21020cbb77ae7', NULL, 'owner@tecdiary.com', NULL, NULL, NULL, NULL, 1351661704, 1551253921, 1, 'Owner', 'Owner', 'Stock Manager', '012345678', NULL, 'male', 1, NULL, NULL, NULL, 0, 0, 0, 0, 0, 0),
(2, 0x3a3a31, 0x3a3a31, 'admin', 'acbcdd85077ea0d30f76ba572947daef5be8871e', NULL, 'admin@gmail.com', NULL, NULL, NULL, NULL, 1551177286, 1551252045, 1, 'Test', 'TT', 'PG', '11111111111', NULL, 'male', 5, 0, 0, NULL, NULL, NULL, 0, 1, 0, 0);

-- --------------------------------------------------------

--
-- Table structure for table `sma_user_logins`
--

CREATE TABLE `sma_user_logins` (
  `id` int(11) NOT NULL,
  `user_id` int(11) NOT NULL,
  `company_id` int(11) DEFAULT NULL,
  `ip_address` varbinary(16) NOT NULL,
  `login` varchar(100) NOT NULL,
  `time` timestamp NULL DEFAULT CURRENT_TIMESTAMP
) ENGINE=InnoDB DEFAULT CHARSET=utf8;

--
-- Dumping data for table `sma_user_logins`
--

INSERT INTO `sma_user_logins` (`id`, `user_id`, `company_id`, `ip_address`, `login`, `time`) VALUES
(1, 1, NULL, 0x31302e312e312e3535, 'owner@tecdiary.com', '2019-01-23 18:13:41'),
(2, 1, NULL, 0x3a3a31, 'owner', '2019-02-26 06:38:07'),
(3, 1, NULL, 0x3a3a31, 'owner', '2019-02-26 07:19:27'),
(4, 2, NULL, 0x3a3a31, 'admin', '2019-02-26 10:35:03'),
(5, 1, NULL, 0x3a3a31, 'owner', '2019-02-26 10:51:47'),
(6, 1, NULL, 0x3a3a31, 'owner', '2019-02-26 10:57:41'),
(7, 1, NULL, 0x3a3a31, 'owner', '2019-02-26 10:58:46'),
(8, 2, NULL, 0x3a3a31, 'admin', '2019-02-26 11:01:12'),
(9, 1, NULL, 0x3a3a31, 'owner', '2019-02-27 05:24:57'),
(10, 2, NULL, 0x3a3a31, 'admin', '2019-02-27 07:06:53'),
(11, 1, NULL, 0x3a3a31, 'owner', '2019-02-27 07:19:32'),
(12, 2, NULL, 0x3a3a31, 'admin', '2019-02-27 07:20:45'),
(13, 1, NULL, 0x3a3a31, 'owner', '2019-02-27 07:52:01');

-- --------------------------------------------------------

--
-- Table structure for table `sma_variants`
--

CREATE TABLE `sma_variants` (
  `id` int(11) NOT NULL,
  `name` varchar(55) NOT NULL
) ENGINE=InnoDB DEFAULT CHARSET=utf8;

-- --------------------------------------------------------

--
-- Table structure for table `sma_warehouses`
--

CREATE TABLE `sma_warehouses` (
  `id` int(11) NOT NULL,
  `code` varchar(50) NOT NULL,
  `name` varchar(255) NOT NULL,
  `address` varchar(255) NOT NULL,
  `map` varchar(255) DEFAULT NULL,
  `phone` varchar(55) DEFAULT NULL,
  `email` varchar(55) DEFAULT NULL,
  `price_group_id` int(11) DEFAULT NULL
) ENGINE=InnoDB DEFAULT CHARSET=utf8;

--
-- Dumping data for table `sma_warehouses`
--

INSERT INTO `sma_warehouses` (`id`, `code`, `name`, `address`, `map`, `phone`, `email`, `price_group_id`) VALUES
(1, 'WHI', 'Warehouse 1', '<p>Address, City</p>', NULL, '012345678', 'whi@tecdiary.com', NULL),
(2, 'WHII', 'Warehouse 2', '<p>Warehouse 2, Jalan Sultan Ismail, 54000, Kuala Lumpur</p>', NULL, '0105292122', 'whii@tecdiary.com', NULL);

-- --------------------------------------------------------

--
-- Table structure for table `sma_warehouses_products`
--

CREATE TABLE `sma_warehouses_products` (
  `id` int(11) NOT NULL,
  `product_id` int(11) NOT NULL,
  `warehouse_id` int(11) NOT NULL,
  `quantity` decimal(15,4) NOT NULL,
  `rack` varchar(55) DEFAULT NULL,
  `avg_cost` decimal(25,4) NOT NULL
) ENGINE=InnoDB DEFAULT CHARSET=utf8;

--
-- Dumping data for table `sma_warehouses_products`
--

INSERT INTO `sma_warehouses_products` (`id`, `product_id`, `warehouse_id`, `quantity`, `rack`, `avg_cost`) VALUES
(1, 1, 1, '0.0000', NULL, '80.0000'),
(2, 1, 2, '0.0000', NULL, '80.0000'),
(3, 2, 1, '-1.0000', NULL, '80.0000'),
(4, 2, 2, '0.0000', NULL, '80.0000'),
(5, 3, 1, '-1.0000', NULL, '80.0000'),
(6, 3, 2, '0.0000', NULL, '80.0000');

-- --------------------------------------------------------

--
-- Table structure for table `sma_warehouses_products_variants`
--

CREATE TABLE `sma_warehouses_products_variants` (
  `id` int(11) NOT NULL,
  `option_id` int(11) NOT NULL,
  `product_id` int(11) NOT NULL,
  `warehouse_id` int(11) NOT NULL,
  `quantity` decimal(15,4) NOT NULL,
  `rack` varchar(55) DEFAULT NULL
) ENGINE=InnoDB DEFAULT CHARSET=utf8;

--
-- Indexes for dumped tables
--

--
-- Indexes for table `sma_addresses`
--
ALTER TABLE `sma_addresses`
  ADD PRIMARY KEY (`id`),
  ADD KEY `company_id` (`company_id`);

--
-- Indexes for table `sma_adjustments`
--
ALTER TABLE `sma_adjustments`
  ADD PRIMARY KEY (`id`),
  ADD KEY `warehouse_id` (`warehouse_id`);

--
-- Indexes for table `sma_adjustment_items`
--
ALTER TABLE `sma_adjustment_items`
  ADD PRIMARY KEY (`id`),
  ADD KEY `adjustment_id` (`adjustment_id`);

--
-- Indexes for table `sma_brands`
--
ALTER TABLE `sma_brands`
  ADD PRIMARY KEY (`id`),
  ADD KEY `name` (`name`);

--
-- Indexes for table `sma_calendar`
--
ALTER TABLE `sma_calendar`
  ADD PRIMARY KEY (`id`),
  ADD UNIQUE KEY `start` (`start`,`product_id`);

--
-- Indexes for table `sma_captcha`
--
ALTER TABLE `sma_captcha`
  ADD PRIMARY KEY (`captcha_id`),
  ADD KEY `word` (`word`);

--
-- Indexes for table `sma_categories`
--
ALTER TABLE `sma_categories`
  ADD PRIMARY KEY (`id`),
  ADD KEY `id` (`id`);

--
-- Indexes for table `sma_combo_items`
--
ALTER TABLE `sma_combo_items`
  ADD PRIMARY KEY (`id`);

--
-- Indexes for table `sma_companies`
--
ALTER TABLE `sma_companies`
  ADD PRIMARY KEY (`id`),
  ADD KEY `group_id` (`group_id`),
  ADD KEY `group_id_2` (`group_id`);

--
-- Indexes for table `sma_costing`
--
ALTER TABLE `sma_costing`
  ADD PRIMARY KEY (`id`);

--
-- Indexes for table `sma_currencies`
--
ALTER TABLE `sma_currencies`
  ADD PRIMARY KEY (`id`);

--
-- Indexes for table `sma_customer_groups`
--
ALTER TABLE `sma_customer_groups`
  ADD PRIMARY KEY (`id`);

--
-- Indexes for table `sma_date_format`
--
ALTER TABLE `sma_date_format`
  ADD PRIMARY KEY (`id`);

--
-- Indexes for table `sma_deliveries`
--
ALTER TABLE `sma_deliveries`
  ADD PRIMARY KEY (`id`);

--
-- Indexes for table `sma_deposits`
--
ALTER TABLE `sma_deposits`
  ADD PRIMARY KEY (`id`);

--
-- Indexes for table `sma_expenses`
--
ALTER TABLE `sma_expenses`
  ADD PRIMARY KEY (`id`);

--
-- Indexes for table `sma_expense_categories`
--
ALTER TABLE `sma_expense_categories`
  ADD PRIMARY KEY (`id`),
  ADD KEY `id` (`id`);

--
-- Indexes for table `sma_food_order_details`
--
ALTER TABLE `sma_food_order_details`
  ADD PRIMARY KEY (`id`);

--
-- Indexes for table `sma_gift_cards`
--
ALTER TABLE `sma_gift_cards`
  ADD PRIMARY KEY (`id`),
  ADD UNIQUE KEY `card_no` (`card_no`);

--
-- Indexes for table `sma_gift_card_topups`
--
ALTER TABLE `sma_gift_card_topups`
  ADD PRIMARY KEY (`id`),
  ADD KEY `card_id` (`card_id`);

--
-- Indexes for table `sma_groups`
--
ALTER TABLE `sma_groups`
  ADD PRIMARY KEY (`id`);

--
-- Indexes for table `sma_login_attempts`
--
ALTER TABLE `sma_login_attempts`
  ADD PRIMARY KEY (`id`);

--
-- Indexes for table `sma_notifications`
--
ALTER TABLE `sma_notifications`
  ADD PRIMARY KEY (`id`);

--
-- Indexes for table `sma_order_ref`
--
ALTER TABLE `sma_order_ref`
  ADD PRIMARY KEY (`ref_id`);

--
-- Indexes for table `sma_payments`
--
ALTER TABLE `sma_payments`
  ADD PRIMARY KEY (`id`);

--
-- Indexes for table `sma_paypal`
--
ALTER TABLE `sma_paypal`
  ADD PRIMARY KEY (`id`);

--
-- Indexes for table `sma_permissions`
--
ALTER TABLE `sma_permissions`
  ADD PRIMARY KEY (`id`);

--
-- Indexes for table `sma_pos_register`
--
ALTER TABLE `sma_pos_register`
  ADD PRIMARY KEY (`id`);

--
-- Indexes for table `sma_pos_settings`
--
ALTER TABLE `sma_pos_settings`
  ADD PRIMARY KEY (`pos_id`);

--
-- Indexes for table `sma_price_groups`
--
ALTER TABLE `sma_price_groups`
  ADD PRIMARY KEY (`id`),
  ADD KEY `name` (`name`);

--
-- Indexes for table `sma_printers`
--
ALTER TABLE `sma_printers`
  ADD PRIMARY KEY (`id`);

--
-- Indexes for table `sma_products`
--
ALTER TABLE `sma_products`
  ADD PRIMARY KEY (`id`),
  ADD UNIQUE KEY `code` (`code`),
  ADD KEY `category_id` (`category_id`),
  ADD KEY `id` (`id`),
  ADD KEY `id_2` (`id`),
  ADD KEY `category_id_2` (`category_id`),
  ADD KEY `unit` (`unit`),
  ADD KEY `brand` (`brand`);

--
-- Indexes for table `sma_product_photos`
--
ALTER TABLE `sma_product_photos`
  ADD PRIMARY KEY (`id`);

--
-- Indexes for table `sma_product_prices`
--
ALTER TABLE `sma_product_prices`
  ADD PRIMARY KEY (`id`),
  ADD KEY `product_id` (`product_id`),
  ADD KEY `price_group_id` (`price_group_id`);

--
-- Indexes for table `sma_product_variants`
--
ALTER TABLE `sma_product_variants`
  ADD PRIMARY KEY (`id`);

--
-- Indexes for table `sma_promos`
--
ALTER TABLE `sma_promos`
  ADD PRIMARY KEY (`id`);

--
-- Indexes for table `sma_purchases`
--
ALTER TABLE `sma_purchases`
  ADD PRIMARY KEY (`id`),
  ADD KEY `id` (`id`);

--
-- Indexes for table `sma_purchase_items`
--
ALTER TABLE `sma_purchase_items`
  ADD PRIMARY KEY (`id`),
  ADD KEY `purchase_id` (`purchase_id`),
  ADD KEY `product_id` (`product_id`);

--
-- Indexes for table `sma_quotes`
--
ALTER TABLE `sma_quotes`
  ADD PRIMARY KEY (`id`),
  ADD KEY `id` (`id`);

--
-- Indexes for table `sma_quote_items`
--
ALTER TABLE `sma_quote_items`
  ADD PRIMARY KEY (`id`),
  ADD KEY `quote_id` (`quote_id`),
  ADD KEY `product_id` (`product_id`);

--
-- Indexes for table `sma_returns`
--
ALTER TABLE `sma_returns`
  ADD PRIMARY KEY (`id`),
  ADD KEY `id` (`id`);

--
-- Indexes for table `sma_return_items`
--
ALTER TABLE `sma_return_items`
  ADD PRIMARY KEY (`id`),
  ADD KEY `return_id` (`return_id`),
  ADD KEY `product_id` (`product_id`),
  ADD KEY `product_id_2` (`product_id`,`return_id`),
  ADD KEY `return_id_2` (`return_id`,`product_id`);

--
-- Indexes for table `sma_sales`
--
ALTER TABLE `sma_sales`
  ADD PRIMARY KEY (`id`),
  ADD KEY `id` (`id`);

--
-- Indexes for table `sma_sale_items`
--
ALTER TABLE `sma_sale_items`
  ADD PRIMARY KEY (`id`),
  ADD KEY `sale_id` (`sale_id`),
  ADD KEY `product_id` (`product_id`),
  ADD KEY `product_id_2` (`product_id`,`sale_id`),
  ADD KEY `sale_id_2` (`sale_id`,`product_id`);

--
-- Indexes for table `sma_sessions`
--
ALTER TABLE `sma_sessions`
  ADD PRIMARY KEY (`id`),
  ADD KEY `ci_sessions_timestamp` (`timestamp`);

--
-- Indexes for table `sma_settings`
--
ALTER TABLE `sma_settings`
  ADD PRIMARY KEY (`setting_id`);

--
-- Indexes for table `sma_skrill`
--
ALTER TABLE `sma_skrill`
  ADD PRIMARY KEY (`id`);

--
-- Indexes for table `sma_stock_counts`
--
ALTER TABLE `sma_stock_counts`
  ADD PRIMARY KEY (`id`),
  ADD KEY `warehouse_id` (`warehouse_id`);

--
-- Indexes for table `sma_stock_count_items`
--
ALTER TABLE `sma_stock_count_items`
  ADD PRIMARY KEY (`id`),
  ADD KEY `stock_count_id` (`stock_count_id`),
  ADD KEY `product_id` (`product_id`);

--
-- Indexes for table `sma_suspended_bills`
--
ALTER TABLE `sma_suspended_bills`
  ADD PRIMARY KEY (`id`);

--
-- Indexes for table `sma_suspended_items`
--
ALTER TABLE `sma_suspended_items`
  ADD PRIMARY KEY (`id`);

--
-- Indexes for table `sma_tax_rates`
--
ALTER TABLE `sma_tax_rates`
  ADD PRIMARY KEY (`id`);

--
-- Indexes for table `sma_transfers`
--
ALTER TABLE `sma_transfers`
  ADD PRIMARY KEY (`id`),
  ADD KEY `id` (`id`);

--
-- Indexes for table `sma_transfer_items`
--
ALTER TABLE `sma_transfer_items`
  ADD PRIMARY KEY (`id`),
  ADD KEY `transfer_id` (`transfer_id`),
  ADD KEY `product_id` (`product_id`);

--
-- Indexes for table `sma_units`
--
ALTER TABLE `sma_units`
  ADD PRIMARY KEY (`id`),
  ADD KEY `base_unit` (`base_unit`);

--
-- Indexes for table `sma_users`
--
ALTER TABLE `sma_users`
  ADD PRIMARY KEY (`id`),
  ADD KEY `group_id` (`group_id`,`warehouse_id`,`biller_id`),
  ADD KEY `group_id_2` (`group_id`,`company_id`);

--
-- Indexes for table `sma_user_logins`
--
ALTER TABLE `sma_user_logins`
  ADD PRIMARY KEY (`id`);

--
-- Indexes for table `sma_variants`
--
ALTER TABLE `sma_variants`
  ADD PRIMARY KEY (`id`);

--
-- Indexes for table `sma_warehouses`
--
ALTER TABLE `sma_warehouses`
  ADD PRIMARY KEY (`id`),
  ADD KEY `id` (`id`);

--
-- Indexes for table `sma_warehouses_products`
--
ALTER TABLE `sma_warehouses_products`
  ADD PRIMARY KEY (`id`),
  ADD KEY `product_id` (`product_id`),
  ADD KEY `warehouse_id` (`warehouse_id`);

--
-- Indexes for table `sma_warehouses_products_variants`
--
ALTER TABLE `sma_warehouses_products_variants`
  ADD PRIMARY KEY (`id`),
  ADD KEY `option_id` (`option_id`),
  ADD KEY `product_id` (`product_id`),
  ADD KEY `warehouse_id` (`warehouse_id`);

--
-- AUTO_INCREMENT for dumped tables
--

--
-- AUTO_INCREMENT for table `sma_addresses`
--
ALTER TABLE `sma_addresses`
  MODIFY `id` int(11) NOT NULL AUTO_INCREMENT;
--
-- AUTO_INCREMENT for table `sma_adjustments`
--
ALTER TABLE `sma_adjustments`
  MODIFY `id` int(11) NOT NULL AUTO_INCREMENT;
--
-- AUTO_INCREMENT for table `sma_adjustment_items`
--
ALTER TABLE `sma_adjustment_items`
  MODIFY `id` int(11) NOT NULL AUTO_INCREMENT;
--
-- AUTO_INCREMENT for table `sma_brands`
--
ALTER TABLE `sma_brands`
  MODIFY `id` int(11) NOT NULL AUTO_INCREMENT;
--
-- AUTO_INCREMENT for table `sma_calendar`
--
ALTER TABLE `sma_calendar`
  MODIFY `id` int(11) NOT NULL AUTO_INCREMENT, AUTO_INCREMENT=24;
--
-- AUTO_INCREMENT for table `sma_captcha`
--
ALTER TABLE `sma_captcha`
  MODIFY `captcha_id` bigint(13) UNSIGNED NOT NULL AUTO_INCREMENT;
--
-- AUTO_INCREMENT for table `sma_categories`
--
ALTER TABLE `sma_categories`
  MODIFY `id` int(11) NOT NULL AUTO_INCREMENT, AUTO_INCREMENT=2;
--
-- AUTO_INCREMENT for table `sma_combo_items`
--
ALTER TABLE `sma_combo_items`
  MODIFY `id` int(11) NOT NULL AUTO_INCREMENT;
--
-- AUTO_INCREMENT for table `sma_companies`
--
ALTER TABLE `sma_companies`
  MODIFY `id` int(11) NOT NULL AUTO_INCREMENT, AUTO_INCREMENT=4;
--
-- AUTO_INCREMENT for table `sma_costing`
--
ALTER TABLE `sma_costing`
  MODIFY `id` int(11) NOT NULL AUTO_INCREMENT, AUTO_INCREMENT=3;
--
-- AUTO_INCREMENT for table `sma_currencies`
--
ALTER TABLE `sma_currencies`
  MODIFY `id` int(11) NOT NULL AUTO_INCREMENT, AUTO_INCREMENT=3;
--
-- AUTO_INCREMENT for table `sma_customer_groups`
--
ALTER TABLE `sma_customer_groups`
  MODIFY `id` int(11) NOT NULL AUTO_INCREMENT, AUTO_INCREMENT=5;
--
-- AUTO_INCREMENT for table `sma_date_format`
--
ALTER TABLE `sma_date_format`
  MODIFY `id` int(11) NOT NULL AUTO_INCREMENT, AUTO_INCREMENT=7;
--
-- AUTO_INCREMENT for table `sma_deliveries`
--
ALTER TABLE `sma_deliveries`
  MODIFY `id` int(11) NOT NULL AUTO_INCREMENT;
--
-- AUTO_INCREMENT for table `sma_deposits`
--
ALTER TABLE `sma_deposits`
  MODIFY `id` int(11) NOT NULL AUTO_INCREMENT;
--
-- AUTO_INCREMENT for table `sma_expenses`
--
ALTER TABLE `sma_expenses`
  MODIFY `id` int(11) NOT NULL AUTO_INCREMENT;
--
-- AUTO_INCREMENT for table `sma_expense_categories`
--
ALTER TABLE `sma_expense_categories`
  MODIFY `id` int(11) NOT NULL AUTO_INCREMENT;
--
-- AUTO_INCREMENT for table `sma_food_order_details`
--
ALTER TABLE `sma_food_order_details`
  MODIFY `id` int(11) NOT NULL AUTO_INCREMENT, AUTO_INCREMENT=27;
--
-- AUTO_INCREMENT for table `sma_gift_cards`
--
ALTER TABLE `sma_gift_cards`
  MODIFY `id` int(11) NOT NULL AUTO_INCREMENT;
--
-- AUTO_INCREMENT for table `sma_gift_card_topups`
--
ALTER TABLE `sma_gift_card_topups`
  MODIFY `id` int(11) NOT NULL AUTO_INCREMENT;
--
-- AUTO_INCREMENT for table `sma_groups`
--
ALTER TABLE `sma_groups`
  MODIFY `id` mediumint(8) UNSIGNED NOT NULL AUTO_INCREMENT, AUTO_INCREMENT=6;
--
-- AUTO_INCREMENT for table `sma_login_attempts`
--
ALTER TABLE `sma_login_attempts`
  MODIFY `id` mediumint(8) UNSIGNED NOT NULL AUTO_INCREMENT, AUTO_INCREMENT=3;
--
-- AUTO_INCREMENT for table `sma_notifications`
--
ALTER TABLE `sma_notifications`
  MODIFY `id` int(11) NOT NULL AUTO_INCREMENT, AUTO_INCREMENT=2;
--
-- AUTO_INCREMENT for table `sma_order_ref`
--
ALTER TABLE `sma_order_ref`
  MODIFY `ref_id` int(11) NOT NULL AUTO_INCREMENT, AUTO_INCREMENT=2;
--
-- AUTO_INCREMENT for table `sma_payments`
--
ALTER TABLE `sma_payments`
  MODIFY `id` int(11) NOT NULL AUTO_INCREMENT, AUTO_INCREMENT=2;
--
-- AUTO_INCREMENT for table `sma_permissions`
--
ALTER TABLE `sma_permissions`
  MODIFY `id` int(11) NOT NULL AUTO_INCREMENT, AUTO_INCREMENT=2;
--
-- AUTO_INCREMENT for table `sma_pos_register`
--
ALTER TABLE `sma_pos_register`
  MODIFY `id` int(11) NOT NULL AUTO_INCREMENT, AUTO_INCREMENT=2;
--
-- AUTO_INCREMENT for table `sma_price_groups`
--
ALTER TABLE `sma_price_groups`
  MODIFY `id` int(11) NOT NULL AUTO_INCREMENT, AUTO_INCREMENT=2;
--
-- AUTO_INCREMENT for table `sma_printers`
--
ALTER TABLE `sma_printers`
  MODIFY `id` int(11) NOT NULL AUTO_INCREMENT;
--
-- AUTO_INCREMENT for table `sma_products`
--
ALTER TABLE `sma_products`
  MODIFY `id` int(11) NOT NULL AUTO_INCREMENT, AUTO_INCREMENT=4;
--
-- AUTO_INCREMENT for table `sma_product_photos`
--
ALTER TABLE `sma_product_photos`
  MODIFY `id` int(11) NOT NULL AUTO_INCREMENT;
--
-- AUTO_INCREMENT for table `sma_product_prices`
--
ALTER TABLE `sma_product_prices`
  MODIFY `id` int(11) NOT NULL AUTO_INCREMENT;
--
-- AUTO_INCREMENT for table `sma_product_variants`
--
ALTER TABLE `sma_product_variants`
  MODIFY `id` int(11) NOT NULL AUTO_INCREMENT;
--
-- AUTO_INCREMENT for table `sma_promos`
--
ALTER TABLE `sma_promos`
  MODIFY `id` int(11) NOT NULL AUTO_INCREMENT;
--
-- AUTO_INCREMENT for table `sma_purchases`
--
ALTER TABLE `sma_purchases`
  MODIFY `id` int(11) NOT NULL AUTO_INCREMENT;
--
-- AUTO_INCREMENT for table `sma_purchase_items`
--
ALTER TABLE `sma_purchase_items`
  MODIFY `id` int(11) NOT NULL AUTO_INCREMENT, AUTO_INCREMENT=3;
--
-- AUTO_INCREMENT for table `sma_quotes`
--
ALTER TABLE `sma_quotes`
  MODIFY `id` int(11) NOT NULL AUTO_INCREMENT;
--
-- AUTO_INCREMENT for table `sma_quote_items`
--
ALTER TABLE `sma_quote_items`
  MODIFY `id` int(11) NOT NULL AUTO_INCREMENT;
--
-- AUTO_INCREMENT for table `sma_returns`
--
ALTER TABLE `sma_returns`
  MODIFY `id` int(11) NOT NULL AUTO_INCREMENT;
--
-- AUTO_INCREMENT for table `sma_return_items`
--
ALTER TABLE `sma_return_items`
  MODIFY `id` int(11) NOT NULL AUTO_INCREMENT;
--
-- AUTO_INCREMENT for table `sma_sales`
--
ALTER TABLE `sma_sales`
  MODIFY `id` int(11) NOT NULL AUTO_INCREMENT, AUTO_INCREMENT=3;
--
-- AUTO_INCREMENT for table `sma_sale_items`
--
ALTER TABLE `sma_sale_items`
  MODIFY `id` int(11) NOT NULL AUTO_INCREMENT, AUTO_INCREMENT=3;
--
-- AUTO_INCREMENT for table `sma_stock_counts`
--
ALTER TABLE `sma_stock_counts`
  MODIFY `id` int(11) NOT NULL AUTO_INCREMENT;
--
-- AUTO_INCREMENT for table `sma_stock_count_items`
--
ALTER TABLE `sma_stock_count_items`
  MODIFY `id` int(11) NOT NULL AUTO_INCREMENT;
--
-- AUTO_INCREMENT for table `sma_suspended_bills`
--
ALTER TABLE `sma_suspended_bills`
  MODIFY `id` int(11) NOT NULL AUTO_INCREMENT;
--
-- AUTO_INCREMENT for table `sma_suspended_items`
--
ALTER TABLE `sma_suspended_items`
  MODIFY `id` int(11) NOT NULL AUTO_INCREMENT;
--
-- AUTO_INCREMENT for table `sma_tax_rates`
--
ALTER TABLE `sma_tax_rates`
  MODIFY `id` int(11) NOT NULL AUTO_INCREMENT, AUTO_INCREMENT=5;
--
-- AUTO_INCREMENT for table `sma_transfers`
--
ALTER TABLE `sma_transfers`
  MODIFY `id` int(11) NOT NULL AUTO_INCREMENT;
--
-- AUTO_INCREMENT for table `sma_transfer_items`
--
ALTER TABLE `sma_transfer_items`
  MODIFY `id` int(11) NOT NULL AUTO_INCREMENT;
--
-- AUTO_INCREMENT for table `sma_units`
--
ALTER TABLE `sma_units`
  MODIFY `id` int(11) NOT NULL AUTO_INCREMENT, AUTO_INCREMENT=2;
--
-- AUTO_INCREMENT for table `sma_users`
--
ALTER TABLE `sma_users`
  MODIFY `id` int(11) UNSIGNED NOT NULL AUTO_INCREMENT, AUTO_INCREMENT=3;
--
-- AUTO_INCREMENT for table `sma_user_logins`
--
ALTER TABLE `sma_user_logins`
  MODIFY `id` int(11) NOT NULL AUTO_INCREMENT, AUTO_INCREMENT=14;
--
-- AUTO_INCREMENT for table `sma_variants`
--
ALTER TABLE `sma_variants`
  MODIFY `id` int(11) NOT NULL AUTO_INCREMENT;
--
-- AUTO_INCREMENT for table `sma_warehouses`
--
ALTER TABLE `sma_warehouses`
  MODIFY `id` int(11) NOT NULL AUTO_INCREMENT, AUTO_INCREMENT=3;
--
-- AUTO_INCREMENT for table `sma_warehouses_products`
--
ALTER TABLE `sma_warehouses_products`
  MODIFY `id` int(11) NOT NULL AUTO_INCREMENT, AUTO_INCREMENT=7;
--
-- AUTO_INCREMENT for table `sma_warehouses_products_variants`
--
ALTER TABLE `sma_warehouses_products_variants`
  MODIFY `id` int(11) NOT NULL AUTO_INCREMENT;COMMIT;

/*!40101 SET CHARACTER_SET_CLIENT=@OLD_CHARACTER_SET_CLIENT */;
/*!40101 SET CHARACTER_SET_RESULTS=@OLD_CHARACTER_SET_RESULTS */;
/*!40101 SET COLLATION_CONNECTION=@OLD_COLLATION_CONNECTION */;
